"prnrnmc"	"isnrnmc"	"prnr"	"prname"	"isnr"	"type"	"council"	"proc"	"counvte"	"proccde"	"issues"	"intro"	"finact"	"pcom"	"pep"	"pat"	"pbe"	"pbu"	"pcr"	"pcy"	"pcz"	"pdk"	"pee"	"pfi"	"pfr"	"pde"	"pel"	"phu"	"pie"	"pit"	"plv"	"plt"	"plu"	"pmt"	"pnl"	"ppl"	"ppt"	"pro"	"psi"	"psk"	"pes"	"pse"	"puk"	"scom"	"sep"	"sat"	"sbe"	"sbu"	"scr"	"scy"	"scz"	"sdk"	"see"	"sfi"	"sfr"	"sde"	"sel"	"shu"	"sie"	"sit"	"slv"	"slt"	"slu"	"smt"	"snl"	"spl"	"spt"	"sro"	"ssi"	"ssk"	"ses"	"sse"	"suk"	"rp"	"out"
													"4.1"	"4.1"	"0.48"	"0.58"	"0.09"	"0.08"	"0.03"	"0.31"	"0.37"	"0.04"	"0.28"	"2.8"	"4.1"	"0.22"	"0.2"	"0.5"	"2.09"	"0.04"	"0.07"	"0.08"	"0.02"	"1.03"	"0.75"	"0.27"	"0.32"	"0.06"	"0.12"	"1.46"	"0.55"	"2.64"																																
1	1	"d00032"	"documents"	"d00032i1"	"Reg"	"General"	"COD"	"QMV"	3	4	"26-01-00"	1930-05-01	100	100	40	40					100		100	40	0	40		40	0			40		100		40				0	100	100	50	50	40	20	0		0	0	80	0	80	20	80	20	0	20	60	0	0	20	0	20	0	20	0	0	0	80	80	60	0	100
1	2	"d00032"	"documents"	"d00032i2"	"Reg"	"General"	"COD"	"QMV"	3	4	"26-01-00"	1930-05-01	50	0	100	50					0		0	100	100	50		0	100			50		0		50				100	0	50	20	80	50	20	0		0	0	80	0	80	50	50	50	0	20	50	0	0	50	0	20	0	50	0	0	0	50	80	50		0
1	3	"d00032"	"documents"	"d00032i3"	"Reg"	"General"	"COD"	"QMV"	3	4	"26-01-00"	1930-05-01	100	0	100	100					60		60	100	100	100		60	100			100		60		100				100	0	100	10	60	90	60	0		0	0	60	0	60	90	90	60	0	30	60	0	0	60	0	60	0	90	0	0	0	90	30	80	100	100
1	4	"d00032"	"documents"	"d00032i4"	"Reg"	"General"	"COD"	"QMV"	3	4	"26-01-00"	1930-05-01	100	0	100	50					0		0	100	100	100		0	100			100		0		100				100	0	50	90	20	90	60	0		0	0	95	0	95	90	90	60	0	40	90	0	0	60	0	40	0	90	0	0	0	90	95	60	0	50
2	5	"d00060"	"buses"	"d00060i1"	"Dir"	"Trans"	"COD"	"QMV"	3	2	"23-03-00"	999	100	50	100	50					50		50	100	100	100			100			50		0		100				50	50	50	80	80	70	40	0		0	0	70	0	90	70	90	60	0	0	70	0	0	40	0	90	0	70	0	0	0	90	90	50		50
2	6	"d00060"	"buses"	"d00060i2"	"Dir"	"Trans"	"COD"	"QMV"	3	2	"23-03-00"	999	100	100	0	0					100		0	0	0	0		0	0			0		0		0				0	0	70	40	40	70	50	0		0	0	70	0	80	80	90	80	0	50	80	0	0	40	0	80	0	70	0	0	0	90	80	70	0	0
3	7	"d00062"	"landmines"	"d00062i1"	"Reg"	"Develop"	"COD"	"QMV"	3	3	"14-03-00"	2023-07-01	100	100	100	100								0	100			100				0		100		100				100			100	100	20	100	0		0	0	0	0	0	100	20	0	0	20	0	0	0	20	0	100	0	20	0	0	0	20	0	0		90
3	8	"d00062"	"landmines"	"d00062i2"	"Reg"	"Develop"	"COD"	"QMV"	3	3	"14-03-00"	2023-07-01	60	100										100	0															100	10	0	100	100	0	0	0		0	0	0	0	0	80	100	0	0	0	0	0	0	0	0	0	0	0	0	0	0	80	50	80		60
3	9	"d00062"	"landmines"	"d00062i3"	"Reg"	"Develop"	"COD"	"QMV"	3	3	"14-03-00"	2023-07-01	100	100	100	100					100		100	100	100	100		100	100			100		0		100				100	100	100	50	100	50	50	0		0	0	50	0	50	80	50	50	0	50	100	0	0	50	0	100	0	50	0	0	0	90	50	50		95
4	10	"d00067"	"tankers"	"d00067i1"	"Reg"	"Trans"	"COD"	"QMV"	3	2	"21-03-00"	999	100	50		100					50		50	100	100	0		50	100					50		100				100	50	50	60	60	0	60	0		0	0	70	0	60	100	60	80	0	60	60	0	0	0	0	70	0	60	0	0	0	60	70	60	0	50
4	11	"d00067"	"tankers"	"d00067i2"	"Reg"	"Trans"	"COD"	"QMV"	3	2	"21-03-00"	999	0			0					100		100	0	0	100		100	0					100		0				0	100	100	60	0	0	60	0		0	0	70	0	60	80	60	100	0	60	60	0	0	0	0	70	0	60	0	0	0	60	70	60	0	100
5	12	"d00184"	"comnet"	"d00184i1"	"Dir"	"Telecom"	"COD"	"QMV"	3	3	"12-07-00"	999	100	100	0	50					50		60	60	0	50		60	50			50		60		50				0	50	60	90	90	80	70	0		0	0	70	0	70	80	95	70	0	80	70	0	0	40	0	80	0	70	0	0	0	85	70	85		100
5	13	"d00184"	"comnet"	"d00184i2"	"Dir"	"Telecom"	"COD"	"QMV"	3	3	"12-07-00"	999	0	100	0	30					30		30	30	0	0		30	30			0		30		100				30	30	60	90	80	70	60	0		0	0	70	0	70	80	80	60	0	60	60	0	0	60	0	80	0	80	0	0	0	75	70	90		30
5	14	"d00184"	"comnet"	"d00184i3"	"Dir"	"Telecom"	"COD"	"QMV"	3	3	"12-07-00"	999	100	100	0	0					0		0	0	0	0		0	0			0		0		0				0	0	0	85	70	60	60	0		0	0	60	0	60	60	85	60	0	60	60	0	0	60	0	60	0	60	0	0	0	60	60	60		0
6	15	"d95341"	"takeovers"	"d95341i1"	"Dir"	"IM"	"COD"	"QMV"	3	4	"07-02-96"	"04-07-01"	100	100	0	100					0		0	0	0	0		100	0			0		100		0				0	0	100	50	60	60	50	0		0	0	50	0	50	60	60	50	0	30	50	0	0	50	0	30	0	50	0	0	0	60	50	30	0	0
6	16	"d95341"	"takeovers"	"d95341i2"	"Dir"	"IM"	"COD"	"QMV"	3	4	"07-02-96"	"04-07-01"	100	0	100	0					100		100	100	100	100		100	100			100		0		100				100	100	100	75	90	75	50	0		0	0	75	0	75	75	75	75	0	75	75	0	0	75	0	75	0	50	0	0	0	75	75	75		
6	17	"d95341"	"takeovers"	"d95341i3"	"Dir"	"IM"	"COD"	"QMV"	3	4	"07-02-96"	"04-07-01"	0	100										75	100			0	75					75						0		0	50	50	0	0	0		0	0	0	0	0	50	50	0	0	70	50	0	0	0	0	50	0	0	0	0	0	50	0	70	0	0
6	18	"d95341"	"takeovers"	"d95341i4"	"Dir"	"IM"	"COD"	"QMV"	3	4	"07-02-96"	"04-07-01"	100	100	50	50					50		50	100	50	50		50	100			50		50		100				50	50	50	75	50	50	50	0		0	0	50	0	50	75	50	75	0	75	75	0	0	50	0	90	0	75	0	0	0	50	50	70	0	0
7	19	"d96085"	"resale"	"d96085i1"	"Dir"	"IM"	"COD"	"QMV"	3	4	"13-03-96"	2027-09-01	82	100		82					82		82	82	82	82		9	82			9		9		82				82	82	9	75	50	0	50	0		0	0	80	0	80	60	50	80	0	75	50	0	0	75	0	75	0	50	0	0	0	50	80	50	0	45
7	20	"d96085"	"resale"	"d96085i2"	"Dir"	"IM"	"COD"	"QMV"	3	4	"13-03-96"	2027-09-01	100	82		100					45		45	100	100	100		100	100			45		45		100				100	45	9	90	20	0	50	0		0	0	50	0	50	90	90	60	0	60	50	0	0	60	0	60	0	60	0	0	0	60	50	90	0	64
7	21	"d96085"	"resale"	"d96085i3"	"Dir"	"IM"	"COD"	"QMV"	3	4	"13-03-96"	2027-09-01	100			100					9		9	100	100	100		9	100			9		9		100				100	9	9	20	0	0	50	0		0	0	50	0	50	50	50	50	0	50	50	0	0	50	0	50	0	50	0	0	0	50	50	50	0	32
7	22	"d96085"	"resale"	"d96085i4"	"Dir"	"IM"	"COD"	"QMV"	3	4	"13-03-96"	2027-09-01	100	82	9	100					100		100	100	100	100		9	100			9		9		100				100	100	9	95	45	50	50	0		0	0	50	0	50	75	75	60	0	90	50	0	0	90	0	90	0	60	0	0	0	60	50	95	0	41
8	23	"d96112"	"choco"	"d96112i1"	"Dir"	"IM"	"COD"	"QMV"	3	4	"17-04-96"	"23-06-00"	0	100	0	100					0		0	100	0	100		0	100			100		100		0				100	0	0	100	100	80	100	0		0	0	80	0	80	90	80	80	0	80	80	0	0	80	0	90	0	80	0	0	0	80	80	80	100	50
8	24	"d96112"	"choco"	"d96112i2"	"Dir"	"IM"	"COD"	"QMV"	3	4	"17-04-96"	"23-06-00"	20	100	0	100					0		0	100	20	100		0	100			100		100		0				100	0	0	80	80	80	100	0		0	0	80	0	80	90	80	80	0	80	80	0	0	80	0	90	0	80	0	0	0	80	80	90	0	60
8	25	"d96112"	"choco"	"d96112i3"	"Dir"	"IM"	"COD"	"QMV"	3	4	"17-04-96"	"23-06-00"	0	100	0	100					0		0	100	0	100		0	100			100		100		0				100	0	0	90	50	50	100	0		0	0	50	0	50	50	50	50	0	100	60	0	0	50	0	50	0	50	0	0	0	50	50	100	0	0
8	26	"d96112"	"choco"	"d96112i4"	"Dir"	"IM"	"COD"	"QMV"	3	4	"17-04-96"	"23-06-00"	100	0	100	0					100		100	0	100	0		100	0			0		0		100				0	100	100	70	70	70	80	0		0	0	70	0	70	80	70	70	0	70	70	0	0	70	0	90	0	70	0	0	0	70	70	70		100
9	27	"d96161"	"guarantees"	"d96161i1"	"Dir"	"IM"	"COD"	"QMV"	3	2	"18-06-96"	"25-05-99"	100	100	100	100					0		0	100	0	100		100	100			100		0		100				100	0	0	80	70	70	70	0		0	0	80	0	70	75	80	70	0	70	70	0	0	70	0	75	0	70	0	0	0	70	70	50		50
9	28	"d96161"	"guarantees"	"d96161i2"	"Dir"	"IM"	"COD"	"QMV"	3	2	"18-06-96"	"25-05-99"	0	0	0	0					100		100	0	100	0		0	0			0		100		0				0	100	100	70	70	60	60	0		0	0	80	0	70	70	60	60	0	60	60	0	0	70	0	60	0	60	0	0	0	60	70	20	50	50
10	29	"d97264"	"autoinsure"	"d97264i1"	"Dir"	"IM"	"COD"	"Unan"	4	1	"10-10-97"	"16-05-00"	44	100	44	44					44		44	44	44	44		44	44			44		44		44				44	44	44	60	90	75	75	0		0	0	75	0	75	75	75	75	0	75	75	0	0	75	0	75	0	75	0	0	0	75	75	75	0	78
11	30	"d97359"	"copyright"	"d97359i1"	"Dir"	"IM"	"COD"	"Unan"	4	3	"10-12-97"	2022-05-01	100	80	100	50					100		100	50	100	100		100	50			100		100		100				50	100	100	80	70	80	80	0		0	0	80	0	80	80	80	80	0	80	80	0	0	80	0	80	0	80	0	0	0	80	80	80	0	80
11	31	"d97359"	"copyright"	"d97359i2"	"Dir"	"IM"	"COD"	"Unan"	4	3	"10-12-97"	2022-05-01	100		25	100					25		25	100	25	25		0	100			25		25		25				100	25	0	70	0	60	55	0		0	0	70	0	60	60	60	60	0	55	60	0	0	60	0	70	0	60	0	0	0	60	50	90	0	25
11	32	"d97359"	"copyright"	"d97359i3"	"Dir"	"IM"	"COD"	"Unan"	4	3	"10-12-97"	2022-05-01	0	100	0	100					0		0	100	0	0		0	100			0		0		0				100	0	0	60	70	50	80	0		0	0	80	0	50	70	50	80	0	70	50	0	0	50	0	50	0	50	0	0	0	50	80	70	0	33
12	33	"d98134"	"cuscode"	"d98134i1"	"Reg"	"IM"	"COD"	"QMV"	3	4	"03-06-98"	"16-11-00"	0	100	25	25					25		25	100	25	100		25	100			25		25		75				100	25	25	30	50	40	40	0		0	0	60	0	30	95	25	75	0	40	90	0	0	0	0	60	0	60	0	0	0	95	50	50	100	100
12	34	"d98134"	"cuscode"	"d98134i2"	"Reg"	"IM"	"COD"	"QMV"	3	4	"03-06-98"	"16-11-00"	0	0	25	100					25		25	100	25	100		0	100											100	25	0	50	40	40	50	0		0	0	50	0	50	40	60	50	0	90	40	0	0	0	0	0	0	0	0	0	0	40	50	75	100	0
12	35	"d98134"	"cuscode"	"d98134i3"	"Reg"	"IM"	"COD"	"QMV"	3	4	"03-06-98"	"16-11-00"	100	100	75	75					75		75	0	100	50		75	0					75		50				0	0	0	70	60	60	40	0		0	0	50	0	50	70	75	50	0	50	60	0	0	0	0	50	0	40	0	0	0	80	60	40	0	0
12	36	"d98134"	"cuscode"	"d98134i4"	"Reg"	"IM"	"COD"	"QMV"	3	4	"03-06-98"	"16-11-00"	0	25	100	100					100		100	100	100	100		100	100			100		100		100				100	100	100	90	75	50	50	0		0	0	60	0	50	60	60	50	0	60	50	0	0	0	0	60	0	50	0	0	0	60	50	60	0	50
13	37	"d98191"	"esign"	"d98191i1"	"Dir"	"IM"	"COD"	"Unan"	4	3	"13-05-98"	"13-12-99"	0	70	100	70					70		35	100	100	50		35	70			50		35		70				70	70	35	100	80	100	80	0		0	0	80	0	100	100	100	50	0	100	80	0	0	50	0	100	0	80	0	0	0	80	80	100	70	60
13	38	"d98191"	"esign"	"d98191i2"	"Dir"	"IM"	"COD"	"Unan"	4	3	"13-05-98"	"13-12-99"	10	30	80	10					50		5	80	80	70		5	80			50		0		80				100	50	5	20	20	60	20	0		0	0	20	0	20	60	60	30	0	20	60	0	0	20	0	20	0	60	0	0	0	80	20	20	70	50
13	39	"d98191"	"esign"	"d98191i3"	"Dir"	"IM"	"COD"	"Unan"	4	3	"13-05-98"	"13-12-99"	100	15	0	15					15		40	15	0			50	15			40		50		30				15	0	40	30	90	90	90	0		0	0	90	0	70	90	90	0	0	10	90	0	0	70	0	10	0	50	0	0	0	90	90	70	10	20
14	40	"d98195"	"socrates"	"d98195i1"	"Dec"	"Social"	"COD"	"QMV"	3	3	"27-05-98"	"24-01-00"	80	100	60	80					80		80	60	60	80		80	80			80		60		80				80	60	60	90	100	80	80	0		0	0	80	0	80	80	80	80	0	80	80	0	0	80	0	90	0	80	0	0	0	80	80	90	0	75
14	41	"d98195"	"socrates"	"d98195i2"	"Dec"	"Social"	"COD"	"QMV"	3	3	"27-05-98"	"24-01-00"	100	100	0	0					0		0	0	0	0		0	0			0		0		0				0	0	0	80	100	60	60	0		0	0	60	0	60	60	60	60	0	60	60	0	0	60	0	60	0	60	0	0	0	60	60	60	0	100
14	42	"d98195"	"socrates"	"d98195i3"	"Dec"	"Social"	"COD"	"QMV"	3	3	"27-05-98"	"24-01-00"	100	100	100	100					100		100	100	0	100		100	100			100		0		100				100	0	0	50	70	50	50	0		0	0	50	0	50	50	70	50	0	50	50	0	0	50	0	70	0	50	0	0	0	50	70	70	0	0
15	43	"d98240"	"orphanmed"	"d98240i1"	"Reg"	"IM"	"COD"	"QMV"	3	1	"27-07-98"	"16-12-99"	0	100	100	70					85		0	100	100	85		100	100			100		100		100				100	100	100	35	35	35	50	0		0	0	60	0	40	35	35	60	0	35	70	0	0	35	0	35	0	35	0	0	0	35	35	35	0	100
16	44	"d98252"	"emoney"	"d98252i1"	"Dir"	"ECOFIN"	"COD"	"Unan"	4	2	"29-07-98"	"18-09-00"	50		60	80					50		30	50	75	90		40	100			10		30		80				90	0	0	70	0	60	60	0		0	0	50	0	50	40	60	80	0	40	100	0	0	80	0	50	0	80	0	0	0	80	80	80	0	60
16	45	"d98252"	"emoney"	"d98252i2"	"Dir"	"ECOFIN"	"COD"	"Unan"	4	2	"29-07-98"	"18-09-00"	75		75	100					75		17	75	75	75		33	100			17		33		100				100	17	17	30	0	50	60	0		0	0	70	0	85	50	50	70	0	60	90	0	0	50	0	80	0	70	0	0	0	70	90	85	0	33
17	46	"d98300"	"Turkey"	"d98300i1"	"Reg"	"General"	"COD"	"QMV"	3	3	"21-10-98"	2022-01-01	100	100	100	100					100		100	100	100	0		100	100			100		100		100				100	100	100	90	90	90	90	0		0	0	90	0	90	90	90	90	0	90	90	0	0	90	0	90	0	90	0	0	0	90	90	90	0	100
17	47	"d98300"	"Turkey"	"d98300i2"	"Reg"	"General"	"COD"	"QMV"	3	3	"21-10-98"	2022-01-01	0	100	0	0					0		0	0	0	100		0	0			0		0		0				0	100	0	60	95	70	70	0		0	0	70	0	70	70	70	70	0	70	70	0	0	70	0	70	0	70	0	0	0	70	70	70		100
17	48	"d98300"	"Turkey"	"d98300i3"	"Reg"	"General"	"COD"	"QMV"	3	3	"21-10-98"	2022-01-01	100	100	100	100					100		100	0	100	100		100	100			100		100		100				100	100	0	40	40	40	40	0		0	0	40	0	40	40	40	40	0	40	40	0	0	40	0	40	0	40	0	0	0	40	40	40		100
18	49	"d98323"	"BSE"	"d98323i1"	"Reg"	"Agri"	"COD"	"QMV"	3	3	"18-11-98"	2022-05-01	0	100	100	0					100		100	100	100	100		100	100			100		0		0				100	100	0	80	100	65	80	0		0	0	80	0	65	80	80	80	0	80	80	0	0	80	0	80	0	80	0	0	0	80	65	80		100
18	50	"d98323"	"BSE"	"d98323i2"	"Reg"	"Agri"	"COD"	"QMV"	3	3	"18-11-98"	2022-05-01	100	100	100	33					33		100	33	33	33		33	33			33		33		33				33	100	33	90	90	90	80	0		0	0	80	0	90	80	80	80	0	80	80	0	0	80	0	80	0	80	0	0	0	80	90	80	0	93
18	51	"d98323"	"BSE"	"d98323i3"	"Reg"	"Agri"	"COD"	"QMV"	3	3	"18-11-98"	2022-05-01	70	70	0	0					50		50	0	100	50		50	50			50		0		50				50	0	50	100	80	80	80	0		0	0	80	0	80	80	90	80	0	80	80	0	0	80	0	90	0	80	0	0	0	80	80	80	0	70
19	52	"d98325"	"ecommerce"	"d98325i1"	"Dir"	"IM"	"COD"	"Unan"	4	3	"18-11-98"	"08-06-00"	0	100	100	75					100		100	0	100	0		0	100			0		100		0				100	100	0	100	100	50	100	0		0	0	0	0	75	100	75	0	0	100	75	0	0	100	0	0	0	100	0	0	0	0	0	100	100	10
19	53	"d98325"	"ecommerce"	"d98325i2"	"Dir"	"IM"	"COD"	"Unan"	4	3	"18-11-98"	"08-06-00"	100	100	0	0									0			100	0			0		100						0		100	100	100	100	75	0		0	0	0	0	0	0	100	0	0	0	100	0	0	25	0	0	0	0	0	0	0	100	0	50	0	75
19	54	"d98325"	"ecommerce"	"d98325i3"	"Dir"	"IM"	"COD"	"Unan"	4	3	"18-11-98"	"08-06-00"	0	100	75	100					50		75	100	75			0	75			0		100		0				0	75	0	100	0	100	75	0		0	0	75	0	0	100	100	0	0	100	75	0	0	100	0	50	0	60	0	0	0	60	100	100	100	13
20	55	"d99083"	"dangoods"	"d99083i1"	"Dir"	"Trans"	"COD"	"QMV"	3	1	"17-05-99"	"10-10-00"	55		60	60					100		100	100	100	60		0	60			60		0		100				60	60	0	45	0	50	40	0		0	0	50	0	50	40	40	30	0	45	30	0	0	25	0	40	0	50	0	0	0	30	40	45	0	70
21	56	"d99127"	"ballasts"	"d99127i1"	"Dir"	"Energy"	"COD"	"QMV"	3	2	"16-06-99"	"18-09-00"	100	100	47	100					100		47	100	47	33			47			100		100		47				47	100	100	30	30	60	10	0		0	0	30	0	60	10	60	80	0	0	60	0	0	10	0	40	0	10	0	0	0	40	10	10	0	47
21	57	"d99127"	"ballasts"	"d99127i2"	"Dir"	"Energy"	"COD"	"QMV"	3	2	"16-06-99"	"18-09-00"	30	100	0	30					50		0	30	0	0		30	0			30		80		30				30	30	30	20	30	80	10	0		0	0	10	0	80	10	80	80	0	10	80	0	0	10	0	30	0	10	0	0	0	70	10	10	0	30
22	58	"d99158"	"foodads"	"d99158i1"	"Dir"	"IM"	"COD"	"QMV"	3	1	"22-07-99"	"12-02-01"	0	100	0	0					100		0	100	0	0		0	0			0		0		0				100	0	0	50	70	5	5	0		0	0	25	0	20	25	20	5	0	5	5	0	0	5	0	5	0	5	0	0	0	25	5	25	100	0
23	59	"d99204"	"beeflabels"	"d99204i1"	"Reg"	"Agri"	"COD"	"QMV"	3	4	"21-10-99"	"17-07-00"	81	86	81	81					81		100	100	100	52		81	52			81		81		81				81	81	81	50	90	50	50	0		0	0	50	0	70	70	60	90	0	50	90	0	0	50	0	50	0	50	0	0	0	50	50	50	0	86
23	60	"d99204"	"beeflabels"	"d99204i2"	"Reg"	"Agri"	"COD"	"QMV"	3	4	"21-10-99"	"17-07-00"	52	100	52	52					52		100	100	100	52		52	52			52		52		52				52	52	52	70	80	50	50	0		0	0	50	0	50	80	80	60	0	50	50	0	0	50	0	50	0	50	0	0	0	50	50	50	0	76
23	61	"d99204"	"beeflabels"	"d99204i3"	"Reg"	"Agri"	"COD"	"QMV"	3	4	"21-10-99"	"17-07-00"	100	60	60	50					50		85	100	85	40		20	40			50		40		50				40	50	50	60	50	30	30	0		0	0	30	0	60	60	50	30	0	30	30	0	0	30	0	40	0	30	0	0	0	30	30	30	0	20
23	62	"d99204"	"beeflabels"	"d99204i4"	"Reg"	"Agri"	"COD"	"QMV"	3	4	"21-10-99"	"17-07-00"	80	100	80	60					60		80	80	80	80		20	20			80		20		80				35	60	60	80	90	50	50	0		0	0	50	0	60	80	70	20	0	90	60	0	0	50	0	60	0	50	0	0	0	70	50	50	0	60
24	63	"d99217"	"beeftrade"	"d99217i1"	"Dir"	"Agri"	"COD"	"QMV"	3	1	"25-10-99"	"16-05-00"	0	20	100	0					0		0	0	0			0	0			0		0						0	0		100	60	50	80	0		0	0	10	0	10	100	10	0	0	10	100	0	0	10	0	10	0	0	0	0	0	10	10	0	100	0
25	64	"d99238"	"toys"	"d99238i1"	"Dir"	"IM"	"COD"	"QMV"	3	3	"10-11-99"	999	25	100	100	75					100		75	25	100	90		0	75			90		0		25				0	100	0	90	90	90	75	0		0	0	90	0	60	50	90	60	0	75	75	0	0	60	0	75	0	50	0	0	0	90	90	90	0	40
25	65	"d99238"	"toys"	"d99238i2"	"Dir"	"IM"	"COD"	"QMV"	3	3	"10-11-99"	999	33	100	0						0		0	67	0									67		67				67	0	67	40	90	50	0	0		0	0	40	0	50	50	50	0	0	0	0	0	0	0	0	50	0	50	0	0	0	90	50	90	0	67
25	66	"d99238"	"toys"	"d99238i3"	"Dir"	"IM"	"COD"	"QMV"	3	3	"10-11-99"	999	100	20	0	20					0		90	90	0	10		100	100			10		100		90				100	0	100	80	80	50	40	0		0	0	50	0	50	50	50	40	0	30	30	0	0	40	0	30	0	50	0	0	0	30	50	30		10
26	67	"d99244"	"tobacco"	"d99244i1"	"Dir"	"Health"	"COD"	"QMV"	3	5	"16-11-99"	"05-06-01"	100	100	0	100					100		100	100	0	0		100	100			0		100		100				0	100	100	80	50	70	60	0		0	0	50	0	60	60	80	75	0	60	70	0	0	70	0	50	0	50	0	0	0	45	50	50	0	90
26	68	"d99244"	"tobacco"	"d99244i2"	"Dir"	"Health"	"COD"	"QMV"	3	5	"16-11-99"	"05-06-01"	50	100	0	50					50		50	50	0	25		50	50			0		50		50				50	50	50	75	85	60	70	0		0	0	50	0	75	70	60	75	0	75	75	0	0	60	0	60	0	60	0	0	0	75	70	85	0	95
26	69	"d99244"	"tobacco"	"d99244i3"	"Dir"	"Health"	"COD"	"QMV"	3	5	"16-11-99"	"05-06-01"	40	40	100	100					60		60	100	100	40		100	40			40		40		40				100	60	40	60	50	55	75	0		0	0	75	0	60	80	55	45	0	80	50	0	0	55	0	50	0	50	0	0	0	50	45	50	0	65
26	70	"d99244"	"tobacco"	"d99244i4"	"Dir"	"Health"	"COD"	"QMV"	3	5	"16-11-99"	"05-06-01"	0		0	0					0		0	100	100	0		100	0					0		0				100	0	100	80	0	0	55	0		0	0	50	0	55	60	70	40	0	70	60	0	0	0	0	50	0	50	0	0	0	70	55	70	0	50
26	71	"d99244"	"tobacco"	"d99244i5"	"Dir"	"Health"	"COD"	"QMV"	3	5	"16-11-99"	"05-06-01"	50	100	25	100					50		100	100	25	50		100	100			50		25		25				50	100	100	50	50	65	70	0		0	0	50	0	70	70	80	60	0	70	70	0	0	65	0	55	0	65	0	0	0	70	70	70	0	95
27	72	"d99252"	"rail"	"d99252i1"	"Dir"	"Trans"	"COD"	"QMV"	3	3	"25-11-99"	2019-03-01	100	85	75	90					50			90	90				75			90		95						60	70	50	35	25	25	35	0		0	0	15	0	0	35	45	0	0	0	10	0	0	35	0	25	0	0	0	0	0	45	15	40	0	80
27	73	"d99252"	"rail"	"d99252i2"	"Dir"	"Trans"	"COD"	"QMV"	3	3	"25-11-99"	2019-03-01	100	73	80	80					100		100	100	80	100		100	100			100		100		100				80	100	67	25	5	15	10	0		0	0	0	0	0	0	15	0	0	0	0	0	0	0	0	0	0	0	0	0	0	0	0	20	0	90
27	74	"d99252"	"rail"	"d99252i3"	"Dir"	"Trans"	"COD"	"QMV"	3	3	"25-11-99"	2019-03-01	100	70	83	87							83	87	67	100		100				87		83						67		67	25	25	5	5	0		0	0	0	0	5	5	20	5	0	5	0	0	0	5	0	5	0	0	0	0	0	20	0	20	0	87
28	75	"d99275"	"MEDIA"	"d99275i1"	"Dec"	"Culture"	"COD"	"QMV"	3	1	"14-12-99"	2019-01-01	100	100	100	100					100		100	100	0	100		100	100			100		0		100				100	100	0	100	100	50	50	0		0	0	75	0	75	50	50	50	0	50	50	0	0	50	0	50	0	50	0	0	0	50	75	50	0	50
29	76	"n00030"	"visas"	"n00030i1"	"Reg"	"JHA"	"CNS"	"Unan"	2	6	"26-01-00"	2015-03-01	100	100	0	0					0		0	0	0	0			0			0		0		0				0	0	0	70	50	20	20	0		0	0	20	0	20	20	20	20	0	0	20	0	0	20	0	20	0	20	0	0	0	100	20	100	0	0
29	77	"n00030"	"visas"	"n00030i2"	"Reg"	"JHA"	"CNS"	"Unan"	2	6	"26-01-00"	2015-03-01	100	100	0	0					0		0	0	0	0		0	0			0		0		0				0	0	0	70	60	50	50	0		0	0	50	0	50	70	70	50	0	50	50	0	0	50	0	50	0	50	0	0	0	50	50	50		0
29	78	"n00030"	"visas"	"n00030i3"	"Reg"	"JHA"	"CNS"	"Unan"	2	6	"26-01-00"	2015-03-01	100	100	0	0					0		0	0	0	0		0	0			0		0		0				0	0	0	90	50	100	90	0		0	0	70	0	70	80	90	70	0	50	80	0	0	70	0	70	0	70	0	0	0	70	70	70		0
29	79	"n00030"	"visas"	"n00030i4"	"Reg"	"JHA"	"CNS"	"Unan"	2	6	"26-01-00"	2015-03-01	100	100	0	0					0		0	0	0	0		0	0			0		0		0				0	0	0	90	60	70	90	0		0	0	70	0	20	60	90	50	0	20	50	0	0	10	0	60	0	40	0	0	0	50	20	50		100
29	80	"n00030"	"visas"	"n00030i5"	"Reg"	"JHA"	"CNS"	"Unan"	2	6	"26-01-00"	2015-03-01	0	0	0	0					0		0	0	0	0		0	0			0		0		0				100	0	0	50	50	60	60	0		0	0	20	0	20	70	70	20	0	20	30	0	0	10	0	60	0	70	0	0	0	90	20	70		0
29	81	"n00030"	"visas"	"n00030i6"	"Reg"	"JHA"	"CNS"	"Unan"	2	6	"26-01-00"	2015-03-01	100	100	0	0					0		0	0	0	0		0	0			0		100		100				0	0	100	50	50	50	50	0		0	0	50	0	30	50	50	50	0	10	50	0	0	10	0	60	0	95	0	0	0	50	30	90		10
30	82	"n00127"	"massinflux"	"n00127i1"	"Dir"	"JHA"	"CNS"	"Unan"	2	3	"24-05-00"	2020-07-01	100	100	100	100					100		100	0	100	100		100	100			100		100		0				0	100	100	80	90	60	20	0		0	0	0	0	50	40	70	10	0	10	70	0	0	20	0	50	0	20	0	0	0	30	50	50		100
30	83	"n00127"	"massinflux"	"n00127i2"	"Dir"	"JHA"	"CNS"	"Unan"	2	3	"24-05-00"	2020-07-01	40		0	75					40		40	40	75	40		40	100			40		0		40				40	40	40	60	0	70	20	0		0	0	0	0	20	30	40	10	0	10	30	0	0	20	0	60	0	10	0	0	0	20	20	20		60
30	84	"n00127"	"massinflux"	"n00127i3"	"Dir"	"JHA"	"CNS"	"Unan"	2	3	"24-05-00"	2020-07-01	100		100	100							100	0	100	0		0	0			100		100		0				0	100	100	70	0	50	20	0		0	0	0	0	60	80	70	50	0	10	70	0	0	20	0	50	0	40	0	0	0	60	50	40	0	0
31	85	"n00223"	"vat"	"n00223i1"	"Dir"	"ECOFIN"	"CNS"	"Unan"	2	2	"20-09-00"	2019-01-01	100	100	100	100					100		100	100	100	100		100	100			0		100		100				100	100	100	70	70	70	70	0		0	0	70	0	70	70	70	70	0	70	70	0	0	90	0	70	0	70	0	0	0	70	70	70	0	100
31	86	"n00223"	"vat"	"n00223i2"	"Dir"	"ECOFIN"	"CNS"	"Unan"	2	2	"20-09-00"	2019-01-01	100	0	100	100					100		100	100	100	100		100	100			100		100		100				100	100	100	60	80	60	60	0		0	0	60	0	60	60	60	60	0	60	60	0	0	60	0	60	0	60	0	0	0	60	60	60		100
32	87	"n00250"	"CMOsugar"	"n00250i1"	"Reg"	"Agri"	"CNS"	"QMV"	1	3	"04-10-00"	2019-06-01	0	100	100	100					0		100	100	0	100		100	100			100		0		100				100	0	0	100	100	100	100	0		0	0	100	0	60	100	60	60	0	80	60	0	0	90	0	100	0	60	0	0	0	60	100	100	0	50
32	88	"n00250"	"CMOsugar"	"n00250i2"	"Reg"	"Agri"	"CNS"	"QMV"	1	3	"04-10-00"	2019-06-01	0	100	100	100					100		100	100	100	100		100	100			100		100		100				100	100	100	70	60	60	60	0		0	0	60	0	60	60	60	60	0	60	60	0	0	60	0	60	0	60	0	0	0	60	60	60	0	0
32	89	"n00250"	"CMOsugar"	"n00250i3"	"Reg"	"Agri"	"CNS"	"QMV"	1	3	"04-10-00"	2019-06-01	0	100	100	100					100		100	100	100	100		100	100			100		100		100				100	100	100	80	60	60	60	0		0	0	60	0	100	60	60	60	0	60	60	0	0	60	0	60	0	60	0	0	0	60	60	60	0	0
33	90	"n00358"	"oliveoil"	"n00358i1"	"Reg"	"Agri"	"CNS"	"QMV"	1	5	"21-12-00"	2023-07-01	0		0	0					0		0	100	0	100		0	100			0		0		100				100	0	0	90	0	10	10	0		0	0	60	0	10	50	60	80	0	10	65	0	0	10	0	10	0	80	0	0	0	30	10	60	0	33
33	91	"n00358"	"oliveoil"	"n00358i2"	"Reg"	"Agri"	"CNS"	"QMV"	1	5	"21-12-00"	2023-07-01	30	100	30	30					30		30	60	30	100		30	100			30		30		100				100	30	30	80	90	10	10	0		0	0	10	0	10	60	30	100	0	10	90	0	0	10	0	10	0	90	0	0	0	90	10	30	0	30
33	92	"n00358"	"oliveoil"	"n00358i3"	"Reg"	"Agri"	"CNS"	"QMV"	1	5	"21-12-00"	2023-07-01	0								25			60	100	100			100							0				0			80	0	0	0	0		0	0	50	0	0	70	25	100	0	0	90	0	0	0	0	0	0	50	0	0	0	90	0	0	0	0
33	93	"n00358"	"oliveoil"	"n00358i4"	"Reg"	"Agri"	"CNS"	"QMV"	1	5	"21-12-00"	2023-07-01	100	0	0	0					0		0	0	0	0		0	0			0		0		0				0	0	0	70	70	30	30	0		0	0	60	0	30	70	60	70	0	30	70	0	0	30	0	30	0	70	0	0	0	80	30	60	0	0
33	94	"n00358"	"oliveoil"	"n00358i5"	"Reg"	"Agri"	"CNS"	"QMV"	1	5	"21-12-00"	2023-07-01											70	100		70			30					0						0		70	0	0	0	0	0		0	0	0	0	30	75	0	60	0	0	60	0	0	0	0	30	0	0	0	0	0	60	0	50	0	0
34	95	"n0062B"	"landmines"	"n0062Bi1"	"Reg"	"Develop"	"CNS"	"Unan"	2	1	"14-03-00"	2023-07-01	100	100	100	100					100		100	100	100	100		100	100			100		0		100				100	100	100	50	100	50	50	0		0	0	50	0	50	80	50	50	0	50	100	0	0	50	0	100	0	50	0	0	0	90	50	50	100	100
35	96	"n96114"	"honey"	"n96114i1"	"Dir"	"IM"	"CNS"	"QMV"	1	3	"17-04-96"	2020-12-01	100		20	40					0		0	60	20	60		20	60			20		20		50				60	0	0	90	0	20	20	0		0	0	50	0	50	50	50	20	0	20	40	0	0	20	0	20	0	20	0	0	0	40	50	50	0	60
35	97	"n96114"	"honey"	"n96114i2"	"Dir"	"IM"	"CNS"	"QMV"	1	3	"17-04-96"	2020-12-01	80		80	70					20		20	100	20	100		40	100			55		0		100				100	20	0	70	0	20	50	0		0	0	20	0	20	80	20	80	0	20	80	0	0	20	0	40	0	80	0	0	0	80	20	40	0	80
35	98	"n96114"	"honey"	"n96114i3"	"Dir"	"IM"	"CNS"	"QMV"	1	3	"17-04-96"	2020-12-01	100		0	100					0		0	100	0	100		100	100					100		100				100	0	0	70	0	70	70	0		0	0	60	0	20	40	70	40	0	40	40	0	0	0	0	20	0	50	0	0	0	60	20	90	0	0
36	99	"n96115"	"juices"	"n96115i1"	"Dir"	"IM"	"CNS"	"QMV"	1	2	"17-04-96"	2020-12-01	0		0	0					0			100	0	100		0	100			0		0		0				100	0	0	50	0	70	70	0		0	0	70	0	0	70	70	60	0	50	70	0	0	70	0	70	0	50	0	0	0	60	50	50	0	70
36	100	"n96115"	"juices"	"n96115i2"	"Dir"	"IM"	"CNS"	"QMV"	1	2	"17-04-96"	2020-12-01												0					0											0	100	50	0	0	0	0	0		0	0	0	0	0	50	0	0	0	0	70	0	0	0	0	0	0	0	0	0	0	50	40	50	100	50
37	101	"n96160"	"fishcons"	"n96160i1"	"Reg"	"Fish"	"CNS"	"QMV"	1	1	"25-06-96"	"30-03-98"	100	45		0					45		45	0	45			0						45		0				0	45	45	85	60	0	60	0		0	0	80	0	60	75	60	0	0	60	0	0	0	0	0	75	0	60	0	0	0	75	60	75	0	45
38	102	"n98087"	"taxcompani"	"n98087i1"	"Dir"	"ECOFIN"	"CNS"	"Unan"	2	2	"04-03-98"	999	50											20	100			20														0	50	0	0	0	0		0	0	0	0	0	60	20	0	0	60	0	0	0	0	0	0	0	0	0	0	0	0	0	70	0	0
38	103	"n98087"	"taxcompani"	"n98087i2"	"Dir"	"ECOFIN"	"CNS"	"Unan"	2	2	"04-03-98"	999	100		50	50					100		100	100	0	0		100	0			100		100		0				100	100	100	80	0	70	70	0		0	0	50	0	50	60	70	90	0	50	70	0	0	50	0	50	0	90	0	0	0	50	50	50	0	100
39	104	"n98092"	"hens"	"n98092i1"	"Dir"	"Agri"	"CNS"	"QMV"	1	6	"11-03-98"	"19-07-99"	50	100	100	0					100		100	0	50	0		0	0					50		0				0	50	100	50	50	70	60	0		0	0	70	0	70	60	50	60	0	60	60	0	0	0	0	50	0	60	0	0	0	60	50	70	0	100
39	105	"n98092"	"hens"	"n98092i2"	"Dir"	"Agri"	"CNS"	"QMV"	1	6	"11-03-98"	"19-07-99"	100	67	67	0					67		67	0	67	0		0	0			67		67		0				0	67	67	60	50	70	50	0		0	0	50	0	70	50	70	50	0	50	50	0	0	50	0	70	0	50	0	0	0	50	70	70		34
39	106	"n98092"	"hens"	"n98092i3"	"Dir"	"Agri"	"CNS"	"QMV"	1	6	"11-03-98"	"19-07-99"	20	40	40	0					40		40	0	40	0		0	0					100		0				0	40	40	60	60	70	60	0		0	0	60	0	70	60	70	60	0	60	60	0	0	0	0	70	0	60	0	0	0	60	70	70		20
39	107	"n98092"	"hens"	"n98092i4"	"Dir"	"Agri"	"CNS"	"QMV"	1	6	"11-03-98"	"19-07-99"	50	0	100	0					100		100	0	100	0		0	0			100		100		0				0	100	100	50	50	50	60	0		0	0	50	0	50	60	50	60	0	60	60	0	0	0	0	60	0	60	0	0	0	60	50	60		100
39	108	"n98092"	"hens"	"n98092i5"	"Dir"	"Agri"	"CNS"	"QMV"	1	6	"11-03-98"	"19-07-99"	0	100	60	0					100		60	0	60	0		0	0					100		0				0	100	100	50	50	70	60	0		0	0	70	0	70	60	50	60	0	60	60	0	0	0	0	70	0	60	0	0	0	60	50	70	0	80
39	109	"n98092"	"hens"	"n98092i6"	"Dir"	"Agri"	"CNS"	"QMV"	1	6	"11-03-98"	"19-07-99"	0	60	0	100					0		0	100	0	100		100	100			100		0		100				100	0	0	10	10	20	60	0		0	0	20	0	20	60	20	60	0	60	60	0	0	20	0	20	0	60	0	0	0	60	20	20		60
40	110	"n98109"	"CMObeef"	"n98109i1"	"Reg"	"Agri"	"CNS"	"QMV"	1	2	"17-03-98"	"17-05-99"	30	50	50	50					0		70	70	50	80		80	70			50		50		80				80	0	0	50	60	50	50	0		0	0	60	0	60	80	50	60	0	80	60	0	0	50	0	60	0	60	0	0	0	60	70	70	100	50
40	111	"n98109"	"CMObeef"	"n98109i2"	"Reg"	"Agri"	"CNS"	"QMV"	1	2	"17-03-98"	"17-05-99"	30	30	30	30					0		100	100	30	100		100	100			30		30		100				100	0	0	60	60	60	60	0		0	0	60	0	60	80	50	70	0	80	70	0	0	60	0	50	0	70	0	0	0	70	60	60		50
41	112	"n98110"	"CMOmilk"	"n98110i1"	"Reg"	"Agri"	"CNS"	"QMV"	1	2	"17-03-98"	"17-05-99"	40		100	100					0		100	100	100	70		70	0			100		60		100				70	0	0	90	0	70	60	0		0	0	60	0	70	90	50	40	0	60	60	0	0	60	0	50	0	50	0	0	0	40	60	60	100	80
41	113	"n98110"	"CMOmilk"	"n98110i2"	"Reg"	"Agri"	"CNS"	"QMV"	1	2	"17-03-98"	"17-05-99"	70		100	100					0		100	100	100	60		70	0			100		70		100				60	0	0	30	0	60	50	0		0	0	60	0	60	50	40	70	0	40	90	0	0	50	0	40	0	50	0	0	0	70	60	70	100	35
42	114	"n98189"	"cigtax"	"n98189i1"	"Dir"	"ECOFIN"	"CNS"	"Unan"	2	2	"15-05-98"	"29-07-99"	100	75	75	75					0			75	75	25		0	100			100		100		100				100		0	75	0	75	75	0		0	0	100	0	0	75	75	75	0	75	75	0	0	75	0	75	0	75	0	0	0	75	0	100	0	50
42	115	"n98189"	"cigtax"	"n98189i2"	"Dir"	"ECOFIN"	"CNS"	"Unan"	2	2	"15-05-98"	"29-07-99"	100												0																		50	0	0	0	0		0	0	0	0	0	0	100	0	0	0	0	0	0	0	0	0	0	0	0	0	0	0	0	0	0	0
43	116	"n98193"	"savingstax"	"n98193i1"	"Dir"	"ECOFIN"	"CNS"	"Unan"	2	3	"20-05-98"	999	100	100	100	100					100		100	100	100	100		100	100			0		100		100				100	100	0	80	90	60	70	0		0	0	70	0	60	90	50	50	0	50	100	0	0	90	0	70	0	60	0	0	0	100	70	70	0	100
43	117	"n98193"	"savingstax"	"n98193i2"	"Dir"	"ECOFIN"	"CNS"	"Unan"	2	3	"20-05-98"	999	46	46	46	31					69		46	46	46	46		46	46			23		69		46				46	69	100	50	30	90	60	0		0	0	70	0	50	50	50	50	0	50	50	0	0	100	0	70	0	50	0	0	0	50	70	100	0	85
43	118	"n98193"	"savingstax"	"n98193i3"	"Dir"	"ECOFIN"	"CNS"	"Unan"	2	3	"20-05-98"	999	100		0									100	80				100			0										50	70	0	90	0	0		0	0	0	0	0	70	70	0	0	0	70	0	0	100	0	0	0	0	0	0	0	0	0	70		0
44	119	"n98288"	"Art8586"	"n98288i1"	"Reg"	"Industry"	"CNS"	"QMV"	1	3	"30-09-98"	"10-06-99"	50		70	50					50		50	50	30	50		50	70			100		0		70				30	50	70	30	0	50	50	0		0	0	50	0	50	50	50	50	0	50	50	0	0	50	0	30	0	50	0	0	0	50	50	60		50
44	120	"n98288"	"Art8586"	"n98288i2"	"Reg"	"Industry"	"CNS"	"QMV"	1	3	"30-09-98"	"10-06-99"	0		0	0					0		0	100	0	0		0	0			0		0		0				0	0	0	80	0	40	40	0		0	0	40	0	40	80	40	40	0	40	40	0	0	40	0	40	0	40	0	0	0	40	40	40	0	30
44	121	"n98288"	"Art8586"	"n98288i3"	"Reg"	"Industry"	"CNS"	"QMV"	1	3	"30-09-98"	"10-06-99"	50		100	100					100		100	50	100	50		50	100			100		100		100				50	100	0	70	0	50	50	0		0	0	50	0	50	50	50	50	0	50	50	0	0	50	0	50	0	50	0	0	0	50	50	70		50
45	122	"n98299"	"ECTurkey"	"n98299i1"	"Reg"	"General"	"CNS"	"Unan"	2	2	"21-10-98"	"10-04-00"	100	100	100	100					100		100	100	100	0		100	100			100		100		100				100	100	100	90	90	90	90	0		0	0	90	0	90	90	90	90	0	90	90	0	0	90	0	90	0	90	0	0	0	90	90	90	0	100
45	123	"n98299"	"ECTurkey"	"n98299i2"	"Reg"	"General"	"CNS"	"Unan"	2	2	"21-10-98"	"10-04-00"	0	100	0	0					0		0	0	0	100		0	0			0		0		0				0	100	0	60	95	70	70	0		0	0	70	0	70	70	70	70	0	70	70	0	0	70	0	70	0	70	0	0	0	70	70	70		0
46	124	"n98331"	"VAT"	"n98331i1"	"Dir"	"ECOFIN"	"CNS"	"Unan"	2	2	"30-11-98"	"25-05-99"	100	100	100	100					100		100	100	100	100		100	100			0		100		100				100	100	100	70	70	70	70	0		0	0	70	0	70	70	70	70	0	70	70	0	0	90	0	70	0	70	0	0	0	70	70	70	0	100
46	125	"n98331"	"VAT"	"n98331i2"	"Dir"	"ECOFIN"	"CNS"	"Unan"	2	2	"30-11-98"	"25-05-99"	100	100	0	0					0		0	0	0	0		0	0			0		0		0				0	0	0	60	60	60	60	0		0	0	90	0	90	60	60	60	0	60	60	0	0	70	0	60	0	60	0	0	0	60	90	70	0	0
47	126	"n98347"	"fishassist"	"n98347i1"	"Reg"	"Fish"	"CNS"	"QMV"	1	2	"16-12-98"	"17-12-99"	10	100	5	100					5		100	100	100	100		100	100							100				100	100	0	60	65	40	70	0		0	0	50	0	40	75	75	65	0	70	65	0	0	0	0	0	0	70	0	0	0	60	65	65	100	100
47	127	"n98347"	"fishassist"	"n98347i2"	"Reg"	"Fish"	"CNS"	"QMV"	1	2	"16-12-98"	"17-12-99"	0	60	30	50					30		30	60	30	50		60	60					100		50				60	30	30	90	60	50	50	0		0	0	70	0	40	50	50	50	0	60	50	0	0	0	0	90	0	50	0	0	0	50	50	60	100	30
48	128	"n98354"	"civilprote"	"n98354i1"	"Dec"	"General"	"CNS"	"Unan"	2	2	"16-12-98"	"09-12-99"	30	100	30	30					0		30	30	0	100		50	100			30		30		100				30	30	30	50	70	60	50	0		0	0	50	0	50	60	70	90	0	60	90	0	0	60	0	60	0	90	0	0	0	70	50	50		0
48	129	"n98354"	"civilprote"	"n98354i2"	"Dec"	"General"	"CNS"	"Unan"	2	2	"16-12-98"	"09-12-99"	70	70	70	70					70		70	70	0	70		70	70			70		100		70				70	70	70	95	70	70	60	0		0	0	70	0	70	60	70	70	0	50	80	0	0	70	0	90	0	70	0	0	0	60	70	60		70
49	130	"n99047"	"CMOfish"	"n99047i1"	"Reg"	"Fish"	"CNS"	"QMV"	1	3	"16-02-99"	"17-12-99"	70	90		40					40			100	0	70			70					0		90				100	80	50	70	0	0	50	0		0	0	75	0	0	70	75	50	0	0	70	0	0	0	0	75	0	50	0	0	0	95	50	50	0	90
49	131	"n99047"	"CMOfish"	"n99047i2"	"Reg"	"Fish"	"CNS"	"QMV"	1	3	"16-02-99"	"17-12-99"	40	55		90					30			100	0			70	40					30		70				70	30	30	70	0	0	50	0		0	0	75	0	0	100	75	0	0	75	60	0	0	0	0	75	0	100	0	0	0	90	75	75	90	40
49	132	"n99047"	"CMOfish"	"n99047i3"	"Reg"	"Fish"	"CNS"	"QMV"	1	3	"16-02-99"	"17-12-99"	25	100		100					25		90		0			0	25					25		90				90	40	60	80	0	0	50	0		0	0	90	0	75	0	100	0	0	100	100	0	0	0	0	75	0	60	0	0	0	100	75	75	100	40
50	133	"n99050"	"fishbehave"	"n99050i1"	"Reg"	"Fish"	"CNS"	"QMV"	1	1	"19-02-99"	"24-06-99"	100	100		20					20		20	20	20	0		20	0					20		20				20	20	20	80	50	0	60	0		0	0	70	0	60	70	60	80	0	70	80	0	0	0	0	70	0	70	0	0	0	70	60	70	0	30
51	134	"n99056"	"VATlab"	"n99056i1"	"Dir"	"ECOFIN"	"CNS"	"Unan"	2	1	"17-02-99"	"22-10-99"	100	0	40	0					90		20	0	90	90		20	50			0		0		40				90	20	80	40	60	100	100	0		0	0	20	0	20	100	20	50	0	20	60	0	0	85	0	100	0	100	0	0	0	50	20	20	100	40
52	135	"n99072"	"vetprod"	"n99072i1"	"Reg"	"Agri"	"CNS"	"QMV"	1	3	"18-03-99"	"15-06-99"	100	89	67	67					67		67	67	67	67		67	67			67		67		67				67	67	67	75	75	75	75	0		0	0	75	0	75	75	75	75	0	75	75	0	0	75	0	75	0	75	0	0	0	75	75	75	0	89
52	136	"n99072"	"vetprod"	"n99072i2"	"Reg"	"Agri"	"CNS"	"QMV"	1	3	"18-03-99"	"15-06-99"			0	0					0		0	0	0	100		0	0			0		0		100				100	0	0	0	0	50	50	0		0	0	50	0	50	50	50	30	0	50	50	0	0	50	0	50	0	30	0	0	0	30	50	50	50	50
52	137	"n99072"	"vetprod"	"n99072i3"	"Reg"	"Agri"	"CNS"	"QMV"	1	3	"18-03-99"	"15-06-99"			0	0					0		0	0	0	100		0	0			0		0		100				100	0	0	0	0	30	30	0		0	0	30	0	30	30	30	60	0	30	30	0	0	30	0	30	0	60	0	0	0	60	30	30	50	50
53	138	"n99092"	"forest"	"n99092i1"	"Dir"	"Agri"	"CNS"	"QMV"	1	3	"27-05-99"	"22-12-99"	0	0	0	0					100		0	0	0	0		0	0			0		0		0				0	0	0	100	100	0	0	0		0	0	100	0	0	50	50	0	0	50	0	0	0	0	0	50	0	0	0	0	0	0	50	50	0	0
53	139	"n99092"	"forest"	"n99092i2"	"Dir"	"Agri"	"CNS"	"QMV"	1	3	"27-05-99"	"22-12-99"	100	100									100	0	0											100					100	100	100	100	0	0	0		0	0	0	0	100	100	100	0	0	0	0	0	0	0	0	0	0	75	0	0	0	0	100	75	0	50
53	140	"n99092"	"forest"	"n99092i3"	"Dir"	"Agri"	"CNS"	"QMV"	1	3	"27-05-99"	"22-12-99"	0	0	0	0					0		0	100	0	100		0	0			0		0		100				100	0	0	50	50	100	50	0		0	0	50	0	50	75	75	100	0	50	50	0	0	0	0	75	0	100	0	0	0	100	50	50	0	100
54	141	"n99116"	"Eurodac"	"n99116i1"	"Reg"	"JHA"	"CNS"	"Unan"	2	1	"26-05-99"	"11-12-00"	100	100	20	100							100	0	20									80		100				0	100		100	100	50	80	0		0	0	0	0	80	100	100	0	0	0	0	0	0	0	0	80	0	80	0	0	0	100	80	0	100	10
55	142	"n99132"	"FYRM"	"n99132i1"	"Reg"	"General"	"CNS"	"Unan"	2	1	"23-06-99"	"15-11-99"	100	100	100	100					100		100	100	100	0		100	100			100		100		100				100	100	100	80	0	50	50	0		0	0	50	0	50	50	50	100	0	50	50	0	0	50	0	50	0	50	0	0	0	50	50	50		80
56	143	"n99138"	"fishcontro"	"n99138i1"	"Reg"	"Fish"	"CNS"	"QMV"	1	2	"12-07-99"	"16-12-99"	100	100		40					20		40	20	40	0		40	5					10		20				20	30	40	70	0	0	90	0		0	0	90	0	90	90	90	90	0	90	90	0	0	0	0	90	0	90	0	0	0	90	90	90	0	80
56	144	"n99138"	"fishcontro"	"n99138i2"	"Reg"	"Fish"	"CNS"	"QMV"	1	2	"12-07-99"	"16-12-99"	0	0		0					50		0	100	0			90						50		100				100	0	50	80	0	0	80	0		0	0	80	0	80	90	80	0	0	80	0	0	0	0	0	80	0	100	0	0	0	90	80	80		40
57	145	"n99151"	"budget"	"n99151i1"	"Reg"	"ECOFIN"	"CNS"	"Unan"	2	1	"14-07-99"	"26-09-00"	100	70	25	70					25		25	90	25	70		70	70			70		0		70				70	25	0	60	50	60	60	0		0	0	60	0	60	80	70	60	0	60	60	0	0	60	0	70	0	60	0	0	0	60	60	80	70	50
58	146	"n99154"	"civiljudge"	"n99154i1"	"Reg"	"JHA"	"CNS"	"Unan"	2	2	"14-07-99"	"22-12-00"	73	73	73	73					73		73	100	55	73		0	73			36		73		73				73	73	18	70	90	50	50	0		0	0	50	0	50	50	50	40	0	80	40	0	0	50	0	50	0	40	0	0	0	40	50	70	73	73
58	147	"n99154"	"civiljudge"	"n99154i2"	"Reg"	"JHA"	"CNS"	"Unan"	2	2	"14-07-99"	"22-12-00"	100		50	50					25		25	100	50	100		50	50			50		50		50				50	25	0	90	0	40	40	0		0	0	50	0	70	70	50	70	0	40	40	0	0	40	0	40	0	40	0	0	0	40	70	90	50	50
59	148	"n99163"	"fishdialog"	"n99163i1"	"Reg"	"Fish"	"CNS"	"QMV"	1	2	"22-07-99"	"27-03-00"	100	100	100	100					50		100	35	0	100		75	60			100		35		75				75	100	35	100	0	90	100	0		0	0	50	0	90	50	100	90	0	80	70	0	0	0	0	80	0	80	0	0	0	80	90	50	35	100
59	149	"n99163"	"fishdialog"	"n99163i2"	"Reg"	"Fish"	"CNS"	"QMV"	1	2	"22-07-99"	"27-03-00"	100	100	50	50					50		50	0	100	50		0	50			50		0		0				0	0	0	80	0	50	50	0		0	0	100	0	80	80	80	80	0	90	80	0	0	0	0	90	0	80	0	0	0	80	100	80	50	50
60	150	"n99192"	"employctte"	"n99192i1"	"Dec"	"Employ"	"CNS"	"QMV(10)"	1	2	"08-09-99"	"24-01-00"	100			92					85		93	83	85	80		93	75			93		83		93				67	93	85	90	0	0	30	0		0	0	30	0	10	70	50	70	0	20	70	0	0	50	0	40	0	30	0	0	0	90	30	50	0	88
60	151	"n99192"	"employctte"	"n99192i2"	"Dec"	"Employ"	"CNS"	"QMV(10)"	1	2	"08-09-99"	"24-01-00"	100	78		78					78		67	78	78			67	82			78		78		67				92	70	78	50	70	0	50	0		0	0	30	0	10	50	60	0	0	20	50	0	0	70	0	80	0	30	0	0	0	30	50	40	0	70
61	152	"n99202"	"cotton"	"n99202i1"	"Reg"	"Agri"	"CNS"	"QMV"	1	2	"13-12-99"	2022-05-01	80	100	60	60					0		60	80	80	100		80	80			60		0		100				100	0	60	90	90	90	90	0		0	0	90	0	90	90	90	50	0	90	70	0	0	90	0	90	0	70	0	0	0	50	90	90	100	70
61	153	"n99202"	"cotton"	"n99202i2"	"Reg"	"Agri"	"CNS"	"QMV"	1	2	"13-12-99"	2022-05-01	0	100	0	0					0		0	0	0	100		0	0			0		0		0				100	0	0	80	50	90	80	0		0	0	80	0	80	80	80	70	0	80	70	0	0	80	0	80	0	70	0	0	0	70	80	80	0	50
62	154	"n99214"	"MEDA"	"n99214i1"	"Reg"	"General"	"CNS"	"Unan"	2	2	"20-10-99"	"27-11-00"	100	38							38		100	38	100	38			38					50		38				38	50	63	90	30	0	0	0		0	0	30	0	30	70	30	70	0	0	70	0	0	0	0	30	0	70	0	0	0	70	30	30	0	88
62	155	"n99214"	"MEDA"	"n99214i2"	"Reg"	"General"	"CNS"	"Unan"	2	2	"20-10-99"	"27-11-00"	100			100					15		15	100	30	100			100			100		0		100				100	15	15	50	0	0	20	0		0	0	30	0	30	70	40	70	0	0	70	0	0	10	0	40	0	70	0	0	0	70	30	40	30	45
63	156	"n99225"	"equal"	"n99225i1"	"Dir"	"Employ"	"CNS"	"Unan"	2	2	"25-11-99"	"27-11-00"	60		60	100					60		60	100	40	60		40	60			60		80		60				60	60	40	50	0	10	50	0		0	0	10	0	10	50	90	10	0	100	20	0	0	10	0	30	0	10	0	0	0	10	10	100	0	40
63	157	"n99225"	"equal"	"n99225i2"	"Dir"	"Employ"	"CNS"	"Unan"	2	2	"25-11-99"	"27-11-00"	55										40	55	40			40						40								100	80	0	0	0	0		0	0	0	0	60	20	60	0	0	50	0	0	0	0	0	60	0	0	0	0	0	0	0	95	0	100
64	158	"n99235"	"bananas"	"n99235i1"	"Reg"	"Agri"	"CNS"	"QMV"	1	2	"10-11-99"	2029-01-01	50	100	0	0					0		0	100	0	100		100	100			0		0		100				100	0	100	50	70	50	50	0		0	0	50	0	50	100	50	20	0	70	50	0	0	50	0	50	0	100	0	0	0	100	50	70	100	0
64	159	"n99235"	"bananas"	"n99235i2"	"Reg"	"Agri"	"CNS"	"QMV"	1	2	"10-11-99"	2029-01-01	40	75	0	0					0		0	100	0	40		75	40			0		0		100				100	0	75	20	80	50	50	0		0	0	50	0	50	90	50	50	0	70	50	0	0	50	0	50	0	90	0	0	0	90	50	70	100	40
65	160	"n99236"	"flax"	"n99236i1"	"Reg"	"Agri"	"CNS"	"QMV"	1	2	"10-11-99"	"27-07-00"	0	70	70	10					70		70	10	70	0		70	0			70		10		70				100	70	70	60	30	30	30	0		0	0	30	0	30	30	40	15	0	10	10	0	0	10	0	30	0	30	0	0	0	50	30	40	100	35
65	161	"n99236"	"flax"	"n99236i2"	"Reg"	"Agri"	"CNS"	"QMV"	1	2	"10-11-99"	"27-07-00"	80	0		100					0			100										100							0	0	60	20	0	60	0		0	0	20	0	0	60	0	0	0	0	0	0	0	0	0	60	0	0	0	0	0	0	20	20	100	50
66	162	"n99246"	"CMOmilk"	"n99246i1"	"Reg"	"Agri"	"CNS"	"QMV"	1	2	"10-12-99"	"20-07-00"	0	50		50					100		100	100	100	0		100	0			0		0		100				100	100	0	70	70	0	50	0		0	0	50	0	40	70	60	50	0	50	40	0	0	40	0	50	0	50	0	0	0	70	50	50	100	50
66	163	"n99246"	"CMOmilk"	"n99246i2"	"Reg"	"Agri"	"CNS"	"QMV"	1	2	"10-12-99"	"20-07-00"	0	50	0	0					67		100	0	0	0		0	0			0		0		0				0	100	0	50	60	30	30	0		0	0	70	0	80	30	30	30	0	30	30	0	0	30	0	30	0	30	0	0	0	30	75	30	0	67
67	164	"n99255"	"fishjuv"	"n99255i1"	"Reg"	"Fish"	"CNS"	"QMV"	1	2	"30-11-99"	"08-06-00"	100	100	100	100					0		100	100	100	100		100	100			100		100		100				100	0	100	50	60	0	40	0		0	0	70	0	50	60	60	0	0	50	0	0	0	0	0	60	0	40	0	0	0	10	70	70	0	100
67	165	"n99255"	"fishjuv"	"n99255i2"	"Reg"	"Fish"	"CNS"	"QMV"	1	2	"30-11-99"	"08-06-00"	100																							100				83			50	0	0	0	0		0	0	0	0	0	0	0	0	0	0	0	0	0	0	0	0	0	65	0	0	0	65	0	0	0	92
68	166	"n99274"	"ERF"	"n99274i1"	"Dec"	"JHA"	"CNS"	"Unan"	2	3	"14-12-99"	"28-09-00"	100	100	100	100					100		100	100	0	100		100	100			100		100		100				100	100	100	50	80	80	50	0		0	0	40	0	70	80	100	30	0	50	90	0	0	20	0	80	0	70	0	0	0	100	70	80		100
68	167	"n99274"	"ERF"	"n99274i2"	"Dec"	"JHA"	"CNS"	"Unan"	2	3	"14-12-99"	"28-09-00"	0	0	100	100							100	0	0	100		100	100			100		0		100				100	0	0	20	90	100	50	0		0	0	0	0	80	80	100	60	0	80	80	0	0	90	0	90	0	80	0	0	0	90	70	95		20
68	168	"n99274"	"ERF"	"n99274i3"	"Dec"	"JHA"	"CNS"	"Unan"	2	3	"14-12-99"	"28-09-00"	100	0	0	0					0		0	0	0	0		0	0			0		0		0				0	0	0	80	60	50	50	0		0	0	40	0	40	40	70	60	0	50	50	0	0	40	0	50	0	50	0	0	0	50	40	60		0
69	169	"n99276"	"MEDIApl"	"n99276i1"	"Dec"	"Culture"	"CNS"	"Unan"	2	5	"14-12-99"	"20-12-00"	70	100	70	80					74		70	70	60	80		90	100			80		40		70				80	70	50	70	90	70	70	0		0	0	70	0	70	90	70	70	0	80	80	0	0	70	0	80	0	70	0	0	0	70	70	80	0	70
69	170	"n99276"	"MEDIApl"	"n99276i2"	"Dec"	"Culture"	"CNS"	"Unan"	2	5	"14-12-99"	"20-12-00"	80	80	20	20					50		20	100	75	20		0	75			20		50		0				75	75	90	70	70	70	70	0		0	0	70	0	50	90	70	70	0	90	70	0	0	70	0	50	0	90	0	0	0	70	70	90		80
69	171	"n99276"	"MEDIApl"	"n99276i3"	"Dec"	"Culture"	"CNS"	"Unan"	2	5	"14-12-99"	"20-12-00"	50	50	0	0					0		0	100	100	0		0	100			100		0		0				100	0	100	70	70	80	80	0		0	0	80	0	80	90	70	80	0	80	70	0	0	70	0	70	0	70	0	0	0	90	90	70		50
69	172	"n99276"	"MEDIApl"	"n99276i4"	"Dec"	"Culture"	"CNS"	"Unan"	2	5	"14-12-99"	"20-12-00"	20	50	50	40					50		50	0	30	50		85	50			100		50		50				0	50	30	50	50	50	50	0		0	0	50	0	50	80	50	80	0	70	50	0	0	80	0	50	0	50	0	0	0	50	50	50		40
69	173	"n99276"	"MEDIApl"	"n99276i5"	"Dec"	"Culture"	"CNS"	"Unan"	2	5	"14-12-1999"	"20-12-00"	42	42	42	42					42		42	42	0	42		42	42			42		42		42				42	42	100	40	40	40	40	0		0	0	40	0	40	40	60	40	0	40	40	0	0	40	0	40	0	40	0	0	0	40	40	60		42
70	174	"a04163"	"ERDF"	"d04167i1"	"Reg"	"General"	"COD"	"QMV"	3	4	2014-07-04	1931-07-06	0	0	0	0			100	100	0	100	0	0	0	0	100	0	100	100	100	0	100	0	100	0		100	100	0	0	0	70	80	30	50	0		80	80	40	70	40	40	40	50	80	50	60	70	70	20	70	30	90	50	0	70	90	40	40	40	0	100
70	175	"a04163"	"ERDF"	"d04167i2"	"Reg"	"General"	"COD"	"QMV"	3	4	2014-07-04	1931-07-06	0	0	0	0			0	100	0	100	0	0	0	0	100	0	0	100	100	0	0	0	100	0		100	100	0	0	0	90	50	40	40	0		60	90	50	80	40	50	50	40	90	30	40	80	80	30	60	40	90	30	0	70	90	40	40	40	0	40
71	176	"d04167"	"ERDF"	"d04167i3"	"Reg"	"General"	"COD"	"QMV"	3	4	2014-07-04	1931-07-06	0		0				100	100	0	100		0	0	100	100		100	100	100		100	0	100	100		100	100	100	0	0	80	0	60	0	0		40	40	60	30	0	60	50	90	30	0	90	30	30	0	30	50	40	70	0	30	30	90	60	60	0	35
71	177	"d04167"	"ERDF"	"d04167i4"	"Reg"	"General"	"COD"	"QMV"	3	4	2014-07-04	1931-07-06	100	100	0	0			0	0	0	0	0	0	0	0	0	0	60	0	0	0	0	0	0	0		0	0	0	0	0	80	50	30	30	0		40	40	70	40	30	70	30	30	30	20	70	40	40	30	40	70	40	50	0	40	40	50	70	70	0	20
72	178	"d04209"	"worktime"	"d04209i1"	"Dir"	"Employ"	"COD"	"QMV"	3	3	2022-09-04	999	80	100	50	100			100	0	50	0	100	100	0	100	100	50	0	0	50	100	0	50	0	100		0	0	100	100	0	30	90	50	50	0		50	50	30	90	50	80	30	50	50	30	70	30	30	50	90	30	50	50	0	30	60	80	50	90	0	0
72	179	"d04209"	"worktime"	"d04209i2"	"Dir"	"Employ"	"COD"	"QMV"	3	3	2022-09-04	999	100	100					0	0	0	0	0	100	100		0	100	100	0	0	100	0	100	0	0		100	0	0	0	100	30	50	0	0	0		30	50	80	30	50	50	80	0	30	50	30	30	30	70	30	70	30	50	0	50	50	50	30	30	0	0
72	180	"d04209"	"worktime"	"d04209i3"	"Dir"	"Employ"	"COD"	"QMV"	3	3	2022-09-04	999	0	100	0	0			0	0	0	0	0	0	0	0	0	0	0	0	0	0	0	0	0	0		0	0	0	0	0	100	100	80	80	0		80	80	90	90	80	100	100	60	100	90	50	100	80	80	100	90	100	90	0	90	100	80	100	90	0	0
73	181	"d04218"	"LIFE"	"d04218i1"	"Reg"	"Envi"	"COD"	"QMV"	3	3	2029-09-04	"09-06-07"	0	100	70	80				0	80	25	50	100	100	0			25	25	25	80	25	80	25	0		25	25	0	100	70	90	60	75	75	0		0	50	75	50	75	90	90	50	0	0	50	50	50	30	50	75	50	50	0	50	50	50	90	30	100	25
73	182	"d04218"	"LIFE"	"d04218i2"	"Reg"	"Envi"	"COD"	"QMV"	3	3	2029-09-04	"09-06-07"	0	100	50	100			100	100	50	100		50	50	100	100	50	100	100	100		100	50	100	100		100	100	100	50	50	80	90	70	80	0		80	50	50	75	0	60	60	80	80	70	50	80	75	0	75	70	80	90	0	90	75	90	70	50	0	75
73	183	"d04218"	"LIFE"	"d04218i3"	"Reg"	"Envi"	"COD"	"QMV"	3	3	2029-09-04	"09-06-07"	0	100	70	70			0	0	70	0	70	100	100		0			0	0		0	70	0			0	0		100	100	70	50	65	50	0		20	20	50	20	50	90	90	0	20	0	0	20	20	0	20	50	20	0	0	20	20	0	80	30	0	40
74	184	"d04219"	"ENPI"	"d04219i1"	"Reg"	"General"	"COD"	"QMV"	3	3	2029-09-04	"09-11-06"	0		100	0			100	100	0	75	0	100	100	100	100	75	100	100	75	0	100	100	75	0		100	100	100	75	0	80	0	30	70	0		30	30	70	30	70	80	70	60	30	30	80	30	50	30	30	30	50	30	0	30	30	70	50	60		75
74	185	"d04219"	"ENPI"	"d04219i2"	"Reg"	"General"	"COD"	"QMV"	3	3	2029-09-04	"09-11-06"	0	100	0	0					40		40	0	30	0			0	30					30					0	40	30	70	80	20	30	0		0	0	50	0	50	80	70	30	0	0	80	30	0	0	0	0	40	0	0	0	0	80	50	30		30
74	186	"d04219"	"ENPI"	"d04219i3"	"Reg"	"General"	"COD"	"QMV"	3	3	2029-09-04	"09-11-06"	0	0	0	0			80	0	0	0	0	100	0	80	0	0	100	0	0	0	80		0	0		0	0	0	0	0	70	30	30	30	0		50	30	30	60	30	90	80	70	30	30	80	30	80	40	50	0	80	60	0	30	30	50	30	70		25
75	187	"d04240"	"ports"	"d04240i1"	"Dir"	"Trans"	"COD"	"Unan"	4	1	2013-10-04	999	100	0		0								0	0	0			100	0	0			0	0	100				100	0	0	30	80	0	100	0		0	0	0	0	0	50	70	50	0	0	50	50	50	0	0	80	50	50	0	0	0	80	100	50	0	0
76	188	"d05007"	"redmob"	"d05007i1"	"Reg"	"Trans"	"COD"	"QMV"	3	1	2016-02-05	2026-07-06	100	67							100		100	0	33	100	0	100	100				100	100					0	100	100	67	60	50	0	0	0		0	0	70	0	50	60	70	50	50	50	70	0	0	0	50	70	0	0	0	0	50	60	70	30	0	67
77	189	"d05028"	"spirits"	"d05028i1"	"Reg"	"Agri"	"COD"	"QMV"	3	2	2015-12-05	2013-02-08	40	20	40	40			0	20	100	100	100	0	40	0	40	0	0	100	100			40	100				0	0	100	0	60	50	50	50	0		60	50	20	70	70	30	30	60	50	60	60	70	80	0	0	50	90	0	0	0	30	60	95	80	0	20
77	190	"d05028"	"spirits"	"d05028i2"	"Reg"	"Agri"	"COD"	"QMV"	3	2	2015-12-05	2013-02-08	100	0	80	80			80	80	80	80	80	80	80	80	80	80	80	80	80	80	80	80	80	80		80	80	80	80	80	70	30	40	40	0		40	40	40	40	40	40	40	40	40	40	40	40	40	40	40	40	40	40	0	40	40	40	40	40	0	70
78	191	"d05127"	"IPR"	"d05127i1"	"Dir"	"IM"	"COD"	"QMV"	3	2	"12-07-05"	999	100	100	60	0			0	0	0	0	0	0	60	0	0	0	0	0	0	50	0	0	0	0		50	0	0	0	0	70	60	40	75	0		50	50	95	50	80	90	50	50	50	80	50	50	50	40	50	80	80	50	0	40	50	75	95	90	0	
78	192	"d05127"	"IPR"	"d05127i2"	"Dir"	"JHA"	"COD"	"Unan"	4	2	"12-07-05"	999	100	0	0	100			0	0	0	0	0	100	0	100	0	0	100	0	0	0	0	0	0	100		0	0	100	0	0	70	50	60	60	0		50	50	50	50	50	70	60	50	50	50	50	50	50	50	50	50	50	50	0	50	50	60	50	50	0	
79	193	"d05182"	"dataret"	"d05182i1"	"Dir"	"JHA"	"COD"	"QMV"	3	5	2021-09-05	2013-04-06	30	70	100	30			100	100	100	100	30	100	30	30	100	100	100	100	100	30	100	30	100	100		100	100	100	100	100	50	90	90	30	0		90	90	90	90	30	90	30	30	90	90	90	90	90	30	90	30	90	90	0	90	90	90	90	90	0	100
79	194	"d05182"	"dataret"	"d05182i2"	"Dir"	"JHA"	"COD"	"QMV"	3	5	2021-09-05	2013-04-06	100	100	0	0			0	0	0	0	0	0	0	0	0	0	0	0	0	0	0	0	0	0		0	0	0	0	0	70	70	50	50	0		50	50	50	50	70	50	50	50	50	95	50	50	50	50	50	50	50	50	0	50	50	50	50	95	0	0
79	195	"d05182"	"dataret"	"d05182i3"	"Dir"	"JHA"	"COD"	"QMV"	3	5	2021-09-05	2013-04-06	90	75	90	100			90	90	100	90	40	90	90	90	90	90	90	90	90	90	90	90	90	90		90	90	90	90	90	80	75	80	90	0		80	80	90	80	90	80	80	80	80	80	80	80	80	80	80	80	80	80	0	80	80	80	80	80	0	90
79	196	"d05182"	"dataret"	"d05182i4"	"Dir"	"JHA"	"COD"	"QMV"	3	5	2021-09-05	2013-04-06	50	50	50	50			50	50	50	50	50	50	50	50	50	90	100	50	50	50	50	50	50	50		50	50	50	50	50	50	50	50	50	0		20	20	50	20	50	50	50	50	20	80	80	20	20	50	20	50	20	50	0	20	20	50	50	50	0	75
79	197	"d05182"	"dataret"	"d05182i5"	"Dir"	"JHA"	"COD"	"QMV"	3	5	2021-09-05	2013-04-06	0	100	0	0			0	0	0	0	0	0	0	0	0	0	0	0	0	0	0	0	0	0		0	0	0	0	0	50	90	50	50	0		50	50	50	50	50	50	50	50	50	50	50	50	50	50	50	50	50	50	0	50	50	50	50	50	0	20
80	198	"d05183"	"air"	"d05183i1"	"Dir"	"Envi"	"COD"	"QMV"	3	2	2021-09-05	"11-06-08"	50	15		100				0	100	0		50	25		0		100	0	0			0	0				0		100	50	50	50	0	50	0		0	40	80	40	0	50	50	0	40	0	50	40	40	0	0	90	90	0	0	0	40	0	80	50	100	25
80	199	"d05183"	"air"	"d05183i2"	"Dir"	"Envi"	"COD"	"QMV"	3	2	2021-09-05	"11-06-08"	50	60						0		0					0			0	0				0				0		100	100	60	60	0	0	0		0	40	0	40	0	0	0	0	40	0	0	40	40	0	0	0	90	0	0	0	40	0	90	70	0	45
81	200	"d05214"	"pensions"	"d05214i1"	"Dir"	"Employ"	"COD"	"Unan"	4	4	2020-10-05	999	100	10		100			30	30	20	30	50	50	0	100	30	50	100	30	30		30	0	30	50		30	20		0	50	30	60	0	50	0		60	60	50	60	20	40	60	20	60	20	20	60	60	0	60	70	60	40	0	60	70	0	50	20	0	
81	201	"d05214"	"pensions"	"d05214i2"	"Dir"	"Employ"	"COD"	"Unan"	4	4	2020-10-05	999	70	80		70									0			30				70		100						30	30	30	75	50	0	50	0		0	0	0	0	0	0	80	0	0	50	0	0	0	50	0	90	0	0	0	0	0	50	50	50	0	
81	202	"d05214"	"pensions"	"d05214i3"	"Dir"	"Employ"	"COD"	"Unan"	4	4	2020-10-05	999	60	100	0	60							50	60	0			50	90			0		90						0		50	60	20	50	60	0		0	0	0	0	20	30	50	0	0	20	30	0	0	30	0	30	0	0	0	0	0	50	0	20	0	
81	203	"d05214"	"pensions"	"d05214i4"	"Dir"	"Employ"	"COD"	"Unan"	4	4	2020-10-05	999	100	100	0	100			100	100	100	100	0	0	0	100	100	100	100	100	0	0	100	100	100	0		100	100	0	100	100	90	50	50	60	0		40	40	40	40	20	90	60	40	40	40	40	40	40	50	40	70	40	90	0	40	40	60	40	40		
82	204	"d05245"	"payment"	"d05245i1"	"Dir"	"ECOFIN"	"COD"	"QMV"	3	4	"01-12-05"	"05-12-07"	0	40	100	100	100			0	0	100	0	100	100	100	100	0	100	100	100	100	0	0	0	100	0	0	0	100	0	0	90	50	90	80	70		0	80	80	80	50	90	95	80	70	80	80	80	80	80	20	80	80	80	40	20	20	80	80	90		40
82	205	"d05245"	"payment"	"d05245i2"	"Dir"	"ECOFIN"	"COD"	"QMV"	3	4	"01-12-05"	"05-12-07"	0	60	100	100	100			0	0	100	0	100	100	100	100	0	100	100	100	100		0	0	100	0			100	0	0	70	40	80	70	60		0	60	60	70	30	95	80	70	60	60	70	70	70	70	0	60	60	70	20	0	0	70	60	75	80	60
82	206	"d05245"	"payment"	"d05245i3"	"Dir"	"ECOFIN"	"COD"	"QMV"	3	4	"01-12-05"	"05-12-07"	100	100	0	100	0		100	100	100	100	100	100	0	100	100	100	100	100	100	100	100	100	100	100	100	100	100	100	100	100	70	50	70	50	50		50	60	60	50	60	50	70	50	50	60	50	50	50	50	60	60	60	50	60	60	60	50	60	70	0	100
82	207	"d05245"	"payment"	"d05245i4"	"Dir"	"ECOFIN"	"COD"	"QMV"	3	4	"01-12-05"	"05-12-07"	100	25	0	100	0		100	100	100	100	100	100	0	100	100	100	100	100	100	100	100	100	100	100	100	100	100	100	100	100	50	30	55	30	30		30	40	40	30	40	30	55	30	30	40	30	30	30	30	40	40	40	30	40	40	40	30	40	50		25
83	208	"d05260"	"broadcas"	"d05260i1"	"Dir"	"Culture"	"COD"	"QMV"	3	5	2013-12-05	2018-12-07	100	100	100	100			50		50		100	100	100	100		100						50					0	50		0	90	80	50	50	0		50	0	50	0	20	70	50	50	0	30	0	0	0	0	0	50	0	0	0	0	85	30	0	90	0	50
83	209	"d05260"	"broadcas"	"d05260i2"	"Dir"	"Culture"	"COD"	"QMV"	3	5	2013-12-05	2018-12-07	77	66							77			90	0			66				0								0	77	0	50	50	0	0	0		0	0	50	0	0	50	50	0	0	50	0	0	0	70	0	0	0	0	0	0	0	50	50	30	100	66
83	210	"d05260"	"broadcas"	"d05260i3"	"Dir"	"Culture"	"COD"	"QMV"	3	5	2013-12-05	2018-12-07	50	50		100					100			100	0				100			0									100	0	50	50	0	50	0		0	0	50	0	0	70	70	0	0	0	50	0	0	50	0	0	0	0	0	0	0	0	50	20	100	50
83	211	"d05260"	"broadcas"	"d05260i4"	"Dir"	"Culture"	"COD"	"QMV"	3	5	2013-12-05	2018-12-07	0	40	0	60			60	60	60	60	60	0	100	100	60	60	60	60	60	60	0	60	60	60		60	60	60	60	0	70	60	60	30	0		30	30	30	30	30	30	80	30	30	30	70	30	30	30	30	30	30	30	0	30	30	30	30	30		40
83	212	"d05260"	"broadcas"	"d05260i5"	"Dir"	"Culture"	"COD"	"QMV"	3	5	2013-12-05	2018-12-07	100	100	0	0				0		0		25	100		100	0	100	0	0	100	0	0	0	0		0			0	100	90	40	50	75	0		0	40	0	50	0	50	50	0	50	80	50	50	50	90	40	80	50	40	0	40	0	0	80	90	100	80
84	213	"d05281"	"waste"	"d05281i1"	"Dir"	"Envi"	"COD"	"QMV"	3	4	2021-12-05	2023-11-08	60	0	40	100			40	40	40	40	60	100	60	60	40	60	100	40	40	60	40	60	40	60		40	40	40	20	60	70	50	70	75	0		40	80	80	40	70	50	50	50	40	50	75	40	40	50	40	70	40	50	0	40	40	50	70	50	0	60
84	214	"d05281"	"waste"	"d05281i2"	"Dir"	"Envi"	"COD"	"QMV"	3	4	2021-12-05	2023-11-08	15	100	50	50			50	50	100	50	0	50	0	100	50	50	100	50	50	50	50	0	100	100		0	50	100	0	50	20	90	60	30	0		60	60	50	60	25	60	30	70	60	60	50	60	60	60	60	25	50	50	0	25	60	50	25	60	0	50
84	215	"d05281"	"waste"	"d05281i3"	"Dir"	"Envi"	"COD"	"QMV"	3	4	2021-12-05	2023-11-08	30	100	20	30			20	20	30	20	30	0	0	0	20	20	0	20	20	20	0	20	0	20		20	20	20	30	0	60	90	40	60	0		50	50	60	50	60	40	40	40	50	40	40	50	50	40	40	40	40	40	0	50	50	40	40	40	0	30
84	216	"d05281"	"waste"	"d05281i4"	"Dir"	"Envi"	"COD"	"QMV"	3	4	2021-12-05	2023-11-08	0	100	0	100			0	0	100	0	0	0	0	0	0	0	100	0	0	0	0	0	0	100		0	0	100	0	0	50	70	40	50	0		60	60	50	60	40	40	40	40	60	40	50	60	60	40	60	40	60	50	0	60	60	50	40	40	0	100
85	217	"n03318"	"hakefish"	"n03318i1"	"Reg"	"Fish"	"CNS"	"QMV"	1	4	2023-12-03	2028-12-05	100	0											50											0				0	50		100	100	0	0	0		0	0	0	0	0	0	50	0	0	0	0	0	0	0	0	0	0	100	0	0	0	100	50	0	0	35
85	218	"n03318"	"hakefish"	"n03318i2"	"Reg"	"Fish"	"CNS"	"QMV"	1	4	2023-12-03	2028-12-05	100	25																						0				0			100	50	0	0	0		0	0	0	0	0	0	0	0	0	0	0	0	0	0	0	0	0	100	0	0	0	100	0	0		25
85	219	"n03318"	"hakefish"	"n03318i3"	"Reg"	"Fish"	"CNS"	"QMV"	1	4	2023-12-03	2028-12-05	100	60		40					60	35		40	80	35		35	35	35	35		40	40	35	0				0	75	45	90	70	0	40	0		0	0	40	50	0	40	40	35	0	50	35	40	40	0	40	40	35	35	0	0	0	35	50	70	0	60
85	220	"n03318"	"hakefish"	"n03318i4"	"Reg"	"Fish"	"CNS"	"QMV"	1	4	2023-12-03	2028-12-05	100	20										50												0				0			100	75	0	0	0		0	0	0	0	0	50	0	0	0	0	0	0	0	0	0	0	0	75	0	0	0	75	0	0		0
86	221	"n03327"	"Biscplan"	"n03327i1"	"Reg"	"Fish"	"CNS"	"QMV"	1	4	2023-12-03	"07-03-06"	100	100		0								0										0									80	40	0	70	0		0	0	0	0	0	80	0	0	0	0	0	0	0	0	0	70	0	0	0	0	0	0	0	0		25
86	222	"n03327"	"Biscplan"	"n03327i2"	"Reg"	"Fish"	"CNS"	"QMV"	1	4	2023-12-03	"07-03-06"	100			0								100										0									50	0	0	60	0		0	0	0	0	0	80	0	0	0	0	0	0	0	0	0	60	0	0	0	0	0	0	0	0		100
86	223	"n03327"	"Biscplan"	"n03327i3"	"Reg"	"Fish"	"CNS"	"QMV"	1	4	2023-12-03	"07-03-06"	100											0																			80	0	0	0	0		0	0	0	0	0	90	0	0	0	0	0	0	0	0	0	0	0	0	0	0	0	0	0	0		75
86	224	"n03327"	"Biscplan"	"n03327i4"	"Reg"	"Fish"	"CNS"	"QMV"	1	4	2023-12-03	"07-03-06"	100	60		0								60										0									50	30	0	70	0		0	0	0	0	0	40	0	0	0	0	0	0	0	0	0	70	0	0	0	0	0	0	0	0		60
87	225	"n04161"	"EAFRD"	"n04161i1"	"Reg"	"Agri"	"CNS"	"QMV"	1	2	2014-07-04	2021-10-05	100	30	0	100			50	50	0	50	0	0	0	0	50	20	50	60	50	0	100	90	50	0		60	50	0	0	100	50	60	100	40	0		20	50	70	40	80	100	80	20	20	50	20	50	20	100	40	40	20	60	0	50	20	60	60	20	0	30
87	226	"n04161"	"EAFRD"	"n04161i2"	"Reg"	"Agri"	"CNS"	"QMV"	1	2	2014-07-04	2021-10-05	100	70	15	0			50	60	90	50	0	0	60	90	90	0	50	0	90	50	0	0	50	0		50	0	0	60	30	90	60	50	50	0		60	60	50	60	50	50	50	50	60	50	50	60	60	50	60	50	60	50	0	60	60	50	50	60	10	70
88	227	"n04164"	"CAPfin"	"n04164i1"	"Reg"	"Agri"	"CNS"	"QMV"	1	5	2014-07-04	"11-08-05"	100	0	0	0					0		0	0	80	0		0	0			50		80		0				0	100	100	50	50	50	50	0		0	0	50	0	50	100	80	50	0	50	50	0	0	50	0	80	0	50	0	0	0	50	80	80	0	35
88	228	"n04164"	"CAPfin"	"n04164i2"	"Reg"	"Agri"	"CNS"	"QMV"	1	5	2014-07-04	"11-08-05"	80	80	0	100			50	50	100	50	0	80	100	80	50	80	80	50	50	80	50	100	50	0		50	50	80	0	80	30	50	50	75	0		50	50	30	50	75	50	75	75	50	50	50	50	50	50	50	50	50	75	0	50	50	75	50	50	40	20
88	229	"n04164"	"CAPfin"	"n04164i3"	"Reg"	"Agri"	"CNS"	"QMV"	1	5	2014-07-04	"11-08-05"	50		0	25			50	50	25	50	50	25	0	0	50	25	0	50	50	0	50	50	50	25		50	50	0	100	50	80	0	80	80	0		50	50	50	50	50	80	80	80	50	50	80	50	50	80	50	50	50	50	0	50	50	80	50	50	0	35
88	230	"n04164"	"CAPfin"	"n04164i4"	"Reg"	"Agri"	"CNS"	"QMV"	1	5	2014-07-04	"11-08-05"	0		50				100	100	50	100	50	50	50	50	100	50	100	100	100	50	100	50	50	100		100	100	50	50	50	80	0	30	0	0		100	100	30	100	30	30	30	30	100	30	60	100	100	30	100	30	30	60	0	100	100	30	30	30	100	100
88	231	"n04164"	"CAPfin"	"n04164i5"	"Reg"	"Agri"	"CNS"	"QMV"	1	5	2014-07-04	"11-08-05"	100	0	0	0			0	0	0	50	0	0	0	0	0	50	50	0	0	50	50	50	0	0		50	0	0	50	50	60	60	90	90	0		90	90	90	50	90	90	90	90	90	50	50	90	90	50	50	50	90	90	0	50	90	90	50	50		0
89	232	"n04169"	"EFishF"	"n04169i1"	"Reg"	"Fish"	"CNS"	"QMV"	1	4	2014-07-04	2015-08-06	0	20	0	60			70		15	100	50	100	0	100		60	100	80	80	15	70	15	100	100		70		100	0	0	100	100	100	80	0		60	0	70	100	70	70	100	90	0	80	90	80	80	80	60	100	100	100	0	50	0	100	100	100	0	0
89	233	"n04169"	"EFishF"	"n04169i2"	"Reg"	"Fish"	"CNS"	"QMV"	1	4	2014-07-04	2015-08-06	50	40	50	0			30		60	30	60	10	70	10		50	10	30	30		10	80	0	10		30		10	90	90	100	50	20	100	0		30	0	70	60	10	80	50	60	0	60	70	60	60	0	30	70	100	80	0	20	0	80	70	90	100	50
89	234	"n04169"	"EFishF"	"n04169i3"	"Reg"	"Fish"	"CNS"	"QMV"	1	4	2014-07-04	2015-08-06	0	30	0	10			10		0	60	0	50	0	50		30	50	10	30		70	0	60	70		0		70	0	0	100	30	90	50	0		20	0	100	60	50	60	100	50	0	50	60	50	50	0	70	100	70	60	0	20	0	60	100	100	0	60
89	235	"n04169"	"EFishF"	"n04169i4"	"Reg"	"Fish"	"CNS"	"QMV"	1	4	2014-07-04	2015-08-06	0		80	100			80	80	100	100	80	80	0	100	80	80	80	80	80			100	80	100			80	100	0	80	100	0	80	80	0		80	100	100	80	80	80	80	100	90	80	80	80	80	0	0	100	80	100	0	0	90	100	80	80	0	95
90	236	"n05099"	"broilers"	"n05099i1"	"Dir"	"Agri"	"CNS"	"QMV"	1	2	1930-05-05	"12-07-07"	80	75	100	50			20	20	100	20	50	0	100	0	20	0	80		20		20	80	0		0	50	0	80	100	80	80	70	80	60	0		30	60	90	20	50	90	90	50	60	30	20	0	20	0	30	70	85	0	70	50	70	20	90	80	0	70
90	237	"n05099"	"broilers"	"n05099i2"	"Dir"	"Agri"	"CNS"	"QMV"	1	2	1930-05-05	"12-07-07"	100		100	0	0		25	0	100	0	100	0	0	25	0	0	25		0	100	25	100	0	25	0	0	0	25	100	100	65	0	50	70	70		60	70	70	70	50	70	80	60	70	70	60	0	70	50	60	70	70	60	70	70	70	60	70	70	0	0
91	238	"n05118"	"sugar"	"n05118i1"	"Reg"	"Agri"	"CNS"	"QMV"	1	3	2022-06-05	2028-02-06	22	40	34	22			80	22	0	0	60	22	22	80	60	60	80	60	60	34	22	34	100	60		60	22	80	0	22	100	50	80	90	0		10	60	100	10	90	80	70	100	100	80	100	80	90	10	10	70	100	100	0	70	60	100	100	80	100	28
91	239	"n05118"	"sugar"	"n05118i2"	"Reg"	"Agri"	"CNS"	"QMV"	1	3	2022-06-05	2028-02-06	0		0	0				100	0		0	0	0	0	100	0	0	100	100			0	100	0		100	100	0	0	0	30	0	20	40	0		0	60	20	0	20	40	50	20	60	10	10	60	60	0	0	40	60	20	0	20	60	10	20	30		0
91	240	"n05118"	"sugar"	"n05118i3"	"Reg"	"Agri"	"CNS"	"QMV"	1	3	2022-06-05	2028-02-06	60	80	80	80				60	0		80	60	60	100	100	80	100	100	100	60	40	60	100	100		80	60	100	40	40	50	50	60	50	0		0	50	100	0	50	50	70	80	80	80	80	80	50	10	10	60	80	80	0	80	50	80	80	80	100	64
92	241	"d06132"	"pesticides"	"d06132i1"	"Dir"	"Agri"	"COD"	"QMV"	4	2	"12-07-06"	2024-11-09	100	50	0	50	0		100	100	100	100	100	50	50	50	0	50	0	100	100	50	50	100	100	50	0	50	50	0	100	50	70	80	70	10	80		15	15	80	40	80	50	50	55	70	50	60	40	40	40	40	15	40	50	90	40	50	60	80	55		50
92	242	"d06132"	"pesticides"	"d06132i2"	"Dir"	"Agri"	"COD"	"QMV"	4	2	"12-07-06"	2024-11-09	0	100	0	0	0		0	0	100	0	100	0	0	0	0	0	0	0	0	0	0	0	0	0	0	0	0	0	100	0	30	65	30	30	80		30	30	75	30	70	60	30	30	70	70	60	30	30	30	30	30	30	30	80	30	30	60	80	70		0
93	243	"d06196"	"post"	"d06196i1"	"Dir"	"Trans"	"COD"	"QMV"	4	2	2018-10-06	2027-02-08	100	100	100	33	33		33	33	100	33	100	33	100	33	33	100	33	33	33	33	33	100	33	33	33	33	33	100	100	100	100	80	80	90	80		80	80	20	80	70	80	100	90	80	40	80	90	80	100	80	100	90	80	80	80	90	20	70	70	0	100
93	244	"d06196"	"post"	"d06196i2"	"Dir"	"Trans"	"COD"	"QMV"	4	2	2018-10-06	2027-02-08	100	60	60	0	0		0	0	60	100	100	0	100	0	0	80	0	0	0	0	0	100	0	0	0	0	0	100	100	100	90	90	60	90	90		90	90	40	90	40	90	100	90	90	70	60	90	90	90	90	100	90	90	90	90	90	40	60	50		60
94	245	"n07026"	"milk"	"n07026i1"	"Reg"	"Agri"	"CNS"	"QMV"	1	2	2015-02-07	"04-10-07"	0		0	0	0		0	0	0	0	0	100	0	0	0	0	0	0	0	0	0	0	0	0	0	0	0	0	0	0	70	0	20	30	20		40	20	50	20	30	90	20	50	50	30	40	20	20	40	10	20	40	50	20	30	20	50	40	50	100	0
94	246	"n07026"	"milk"	"n07026i2"	"Reg"	"Agri"	"CNS"	"QMV"	1	2	2015-02-07	"04-10-07"	50		100	100	100		100	100	0	100	0	100	100	100	100	100	100	100	100	100	100	0	100	100	100	100	100	100	0	0	50	0	50	30	20		50	30	90	40	50	50	70	80	50	20	30	20	20	40	30	50	50	50	20	10	10	90	80	50	100	50
95	247	"d07035"	"mergers"	"d07035i1"	"Dir"	"Agri"	"COD"	"QMV"	4	1	"06-03-07"	2017-11-07	0	0	0	0	0		0	0	0	0	70	100	0	100	0	0	0	0	0	0	0	0	0	0	0	0	0	100	0	0	90	50	30	30	20		20	70	70	20	60	90	40	50	30	30	30	20	20	30	20	30	50	30	20	20	20	80	40	90	100	10
96	248	"n07045"	"CAPfin"	"n07045i1"	"Reg"	"Agri"	"CNS"	"QMV"	1	2	2020-03-07	"07-12-07"	0	0	100	100	0		100	0	100	0	100	100	100	100	100	100	0	100	0	100	100	0	0	0	100	100	0	0	0	0	80	30	60	40	20		20	30	30	30	20	60	60	30	50	20	30	30	20	60	40	30	20	30	30	20	20	20	20	30		0
96	249	"n07045"	"CAPfin"	"n07045i2"	"Reg"	"Agri"	"CNS"	"QMV"	1	2	2020-03-07	"07-12-07"	100		100	100	100		0	100	0	100	100	0	100	0	0	0	100	100	100	0	100	0	100	100	100	100	100	0	100	100	80	0	20	30	20		50	30	30	30	40	80	40	90	80	20	20	20	20	80	20	80	40	30	20	30	40	90	40	20		0
97	250	"n08104"	"CAPreform"	"n08104i1"	"Reg"	"Agri"	"CNS"	"QMV"	1	2	2020-05-08	1931-01-09	100	40	0	0	0		40	100	100	40	0	40	40	0	40	0	0	100	100	0	100	0	40	100	0	40	0	0	100	100	90	60	70	70	20		10	10	60	10	60	60	80	80	10	70	70	10	10	70	10	30	20	40	20	20	20	80	50	60	0	40
97	251	"n08104"	"CAPreform"	"n08104i2"	"Reg"	"Agri"	"CNS"	"QMV"	1	2	2020-05-08	1931-01-09	70	70	0	0	0			100	100	0	0	0	100	0	0	0	0	100	100	100	100	100	100	0	0		0	0	100	100	80	60	30	50	60		0	20	80	20	50	60	40	70	30	60	60	20	20	30	20	20	20	60	60	0	30	80	70	70	0	70
98	252	"n08105"	"EAFRD"	"n08105i1"	"Reg"	"Agri"	"CNS"	"QMV"	1	1	2020-05-08	1931-01-09	100	80	0	80	0		0	0	80	0	80	80	80	0	0	0	0	0	0	100	0	100	0	100	0	0	0	0	100	100	70	20	70	40	20		20	30	90	10	60	80	80	40	20	30	20	20	20	30	20	30	60	40	20	20	20	50	50	40	0	80
99	253	"n08143"	"VAT"	"n08143i1"	"Dir"	"ECOFIN"	"CNS"	"Unan"	2	3	"07-07-08"	"09-05-09"	100	100	0	100	0		100	100	0	0	100	100	0	100	100	100	100	0	0	100	0	100	100	100	100	0	0	100	100	100	100	50	100	100	80		50	50	100	80	50	50	100	50	40	50	70	80	100	80	50	70	60	50	50	70	100	50	50	70	0	100
99	254	"n08143"	"VAT"	"n08143i2"	"Dir"	"ECOFIN"	"CNS"	"Unan"	2	3	"07-07-08"	"09-05-09"	100	100	100	100	0		100	100	0	0	0	100	0	100	100	100	100	0	0	100	100	100	100	100	100	0	100	100	0	100	80	20	100	100	20		30	30	100	70	70	100	100	50	30	40	50	70	100	40	30	50	30	20	20	30	100	50	70	50	0	100
99	255	"n08143"	"VAT"	"n08143i3"	"Dir"	"ECOFIN"	"CNS"	"Unan"	2	3	"07-07-08"	"09-05-09"	100	100	100	100	100		100	100	100	100	100	100	100	100	100	100	0	100	100	0	100	100	100	0	100	100	100	0	100	100	100	20	30	50	30		20	30	80	30	80	50	80	30	20	80	100	80	80	100	20	30	30	100	30	20	50	100	80	70	0	80
100	256	"n05124"	"rightsag"	"n05124i1"	"Reg"	"JHA"	"CNS"	"Unan"	2	2	1930-06-05	2022-02-07	100	100	100	0			100	100	0	100	100	0	0	100	0	0	0	100	100	0	0	0	100	0		100	100	0	0	0	70	50	30	50	0		30	60	50	60	30	50	50	30	60	30	30	50	50	50	30	90	60	30	0	60	60	50	50	60		70
100	257	"n05124"	"rightsag"	"n05124i2"	"Reg"	"JHA"	"CNS"	"Unan"	2	2	1930-06-05	2022-02-07	100	100	100	100			100	100	100	100	100	100	0	100	100	0	100	100	100	100	0	0	100	100		100	0	100	100	0	50	50	30	70	0		20	40	50	40	30	70	50	30	60	50	70	40	40	60	50	80	60	50	0	50	50	70	50	90		0
101	258	"d05167"	"illegals"	"d05167i1"	"Dir"	"JHA"	"COD"	"Unan"	3	4	"01-09-05"	2024-12-08	0	0	100	0			100	100		100	0	100	100	100	0		100	100	100		100	100		100			100	100	0		50	50	70	70	0		50	20	0	20	40	50	70	60	30	0	20	20	20	0	50	50	0	20	0	0	30	30	40	0		90
101	259	"d05167"	"illegals"	"d05167i2"	"Dir"	"JHA"	"COD"	"Unan"	3	4	"01-09-05"	2024-12-08	100	100	0	100			0	70		70	100	70	0	0	100		70	70	70	100	0	70	70	100			0	70	100		100	80	100	50	0		80	30	0	20	80	40	90	80	60	0	20	30	20	50	90	50	50	60	0	0	30	30	80	0		70
101	260	"d05167"	"illegals"	"d05167i3"	"Dir"	"JHA"	"COD"	"Unan"	3	4	"01-09-05"	2024-12-08	100	100	0	100			0	30			100	0	0	0	100		0			100	0	30	30	30					100		80	50	40	90	0		50	20	0	0	60	40	40	40	50	0	70	0	0	30	50	70	30	20	0	0	0	0	60	0		30
101	261	"d05167"	"illegals"	"d05167i5"	"Dir"	"JHA"	"COD"	"Unan"	3	4	"01-09-05"	2024-12-08	30	0	80	30			80	30		80	100	30	80	80	30		30	100	80	30	100	30	30	30		30	30	30	100		30	100	100	30	0		80	60	0	100	0	10	100	50	30	0	10	100	80	10	100	50	60	10	0	10	60	10	0	0		70
102	262	"d05283"	"vehicles"	"d05283i1"	"Dir"	"Trans"	"COD"	"QMV"	4	3	2021-12-05	2015-05-09	100	100	60	60			60	0	60	60	60	100	0	60	60	60	60	60	60	60	60	60	60	100		60	60	100	60	60	80	80	60	40	0		20	60	70	20	60	50	70	20	20	20	40	20	20	40	10	50	20	50	0	20	20	60	60	60	0	60
102	263	"d05283"	"vehicles"	"d05283i2"	"Dir"	"Trans"	"COD"	"QMV"	4	3	2021-12-05	2015-05-09	100	100	0	100			80	0	100	0	80	100	80	80	100	80	100	0	0	100	80	100	80	100		80	0	100	80	80	80	70	50	40	0		30	60	70	20	60	80	80	30	30	60	40	40	30	30	30	60	30	50	0	30	60	60	60	90	0	80
102	264	"d05283"	"vehicles"	"d05283i3"	"Dir"	"Trans"	"COD"	"QMV"	4	3	2021-12-05	2015-05-09	70	100	0	70			70	70	70	70	0	70	0	70	70	70	0	70	70	70	70	70	70	70		70	70	70	0	0	80	90	30	30	0		20	30	60	30	50	70	50	30	30	20	40	30	30	40	20	60	30	20	0	30	30	70	60	70	0	90
103	265	"d06129"	"water"	"d06129i1"	"Dir"	"Envi"	"COD"	"QMV"	4	4	2017-07-06	2024-12-08	0	0	100	100	0		0	0	100	0	0	0	100	0	0	0	0	0	0	0	0	100	0	0	0	0	0	0	100	0	100	60	50	50	30		30	30	100	30	70	100	100	30	30	30	30	30	30	30	30	50	30	100	30	30	30	100	50	70	0	0
103	266	"d06129"	"water"	"d06129i2"	"Dir"	"Envi"	"COD"	"QMV"	4	4	2017-07-06	2024-12-08	0	100	0	20	0		0	0	100	0	0	100	0	0	0	0	0	0	0	0	0	0	0	0	0	0	0	0	100	0	90	100	30	40	10		20	20	50	10	20	50	40	30	20	30	30	10	10	20	10	70	30	20	10	10	20	40	50	70	0	20
103	267	"d06129"	"water"	"d06129i3"	"Dir"	"Envi"	"COD"	"QMV"	4	4	2017-07-06	2024-12-08	100	100	0	50	0		0	0	0	0	0	0	0	0	0	0	0	0	0	0	0	0	0	0	0	0	0	0	100	0	50	50	20	60	10		10	30	90	20	90	90	30	20	20	20	30	20	20	10	10	60	30	80	10	20	20	90	90	70	0	50
103	268	"d06129"	"water"	"d06129i4"	"Dir"	"Envi"	"COD"	"QMV"	4	4	2017-07-06	2024-12-08	100	100	80	80	0		0	0	80	0	80	80	80	80	0	80	80	0	0	80	80	80	0	80	0	0	0	80	80	0	70	20	20	50	20		20	20	50	10	20	50	70	10	10	20	20	20	20	10	10	80	20	20	20	20	20	50	10	70		80
104	269	"d06140"	"RABIT"	"d06140i1"	"Reg"	"JHA"	"COD"	"Unan"	3	1	2019-07-06	1931-07-07	100	100		70			100	0	70	0	0	100	70	100	0		100	0	0	70	100	70	0	100		0	0	100	0		90	60	0	50	0		90	30	50	30	30	60	50	80	30	0	80	30	30	30	90	50	90	80	0	30	40	90	100	0	0	70
105	270	"d06272"	"rail"	"d06272i1"	"Dir"	"Trans"	"COD"	"QMV"	4	1	2013-12-06	2023-12-08	100	90	20	20			20	20	20	20	20	20	0	20	20	20	100	20	20	20	20	20	20	20		20	20	20	20	20	70	100	10	10	0		10	50	70	50	60	80	70	20	20	20	70	50	50	10	10	50	20	30	0	20	30	40	70	70	0	90
106	271	"d06304"	"emissions"	"d06304i1"	"Dir"	"Envi"	"COD"	"QMV"	4	4	2020-12-06	2013-01-09	90	100	90	90	0		0	0	90	0	90	90	70	90	0	90	90	0	0	90	0	90	0	90	0	0	0	90	90	90	70	80	50	60	70		60	80	60	70	50	70	50	50	70	60	60	80	70	60	70	70	80	60	70	70	70	60	80	70		90
106	272	"d06304"	"emissions"	"d06304i2"	"Dir"	"Envi"	"COD"	"QMV"	4	4	2020-12-06	2013-01-09	20	100	20	30	0		0	0	70	0	20	20	20	20	0	100	20	0	0	20	0	30	0	20	0	0	0	20	100	50	75	90	20	40	20		20	40	50	20	75	75	90	30	40	50	40	30	30	20	10	75	100	20	20	10	10	100	70	50	0	30
106	273	"d06304"	"emissions"	"d06304i3"	"Dir"	"Envi"	"COD"	"QMV"	4	4	2020-12-06	2013-01-09	50	50	0	0	100		100	100	0	100	0	0	0	0	100	0	0	100	100	0	100	0	100	0	100	100	100	0	0	0	50	50	50	50	100		50	80	50	100	10	50	10	0	50	50	50	100	100	0	10	50	100	0	100	0	80	0	50	80		50
106	274	"d06304"	"emissions"	"d06304i4"	"Dir"	"Envi"	"COD"	"QMV"	4	4	2020-12-06	2013-01-09	33	0	100	33	100		100	100	33	100	33	33	66	100	100	33	100	100	100	100	100	33	100	100	100	100	100	100	33	33	50	30	60	50	50		20	40	50	20	50	50	50	60	60	50	60	60	20	50	10	50	70	60	50	0	40	70	70	50		66
107	275	"d07013"	"charges"	"d07013i1"	"Dir"	"Trans"	"COD"	"QMV"	4	5	2024-01-07	2014-03-09	100	30	30	30	30		100	30	30	100	30	30	30	30	30	0	30	100	100	100	100	0	30	30	30	100	100	30	100	0	50	50	10	10	20		10	10	20	10	20	50	30	20	10	70	30	10	10	100	10	70	10	20	30	10	10	30	10	30		30
107	276	"d07013"	"charges"	"d07013i2"	"Dir"	"Trans"	"COD"	"QMV"	4	5	2024-01-07	2014-03-09	0	100	0	80	0		0	0	80	0	0	80	0	0	0	0	80	0	0	0	80	80	80	0	80	0	0	0	0	0	50	70	60	90	10		10	20	90	60	90	90	90	10	60	90	90	10	10	20	60	90	10	20	60	10	10	30	80	90	0	30
107	277	"d07013"	"charges"	"d07013i3"	"Dir"	"Trans"	"COD"	"QMV"	4	5	2024-01-07	2014-03-09	100	0	50	50	50		50	50	50	50	0	50	50	50	50	50	50	50	50	50	50	50	50	0	50	50	50	0	0	50	70	60	10	20	10		10	10	70	10	30	90	90	10	10	70	30	10	10	20	10	70	10	90	10	10	10	90	90	70		50
107	278	"d07013"	"charges"	"d07013i4"	"Dir"	"Trans"	"COD"	"QMV"	4	5	2024-01-07	2014-03-09	0	0	0	0	0		0	0	0	0	0	100	100	0	0	0	0	0	0	0	0	100	0	0	0	0	0	0	0	0	80	50	10	20	10		10	10	10	10	10	80	50	20	10	80	10	10	10	20	10	90	10	20	10	10	10	30	20	80		0
107	279	"d07013"	"charges"	"d07013i5"	"Dir"	"Trans"	"COD"	"QMV"	4	5	2024-01-07	2014-03-09	50	100	0	0	0		0	0	50	0	0	0	0	0	0	0	0	0	0	0	0	50	0	0	0	0	0	0	0	0	90	90	10	20	10		10	10	60	10	20	30	70	10	10	10	10	10	10	10	10	60	10	10	10	10	10	20	20	70	0	0
108	280	"d07297"	"carems"	"d07297i1"	"Reg"	"Envi"	"COD"	"QMV"	4	5	2019-12-07	"05-06-09"	0	100	0	100				0	100		100	100	0	100		100	100			100		100	0		0	100	0	0			50	60	50	60	0		0	80	50	0	50	50	80	40	0	50	70	0	0	50	0	50	80	0	70	40	80	50	0	0		0
108	281	"d07297"	"carems"	"d07297i2"	"Reg"	"Envi"	"COD"	"QMV"	4	5	2019-12-07	"05-06-09"	0	100	0	0	0		0	100	0	0	0	100	100	0	0	0	100	0	0	0	0	0	100	0	0	0	100	100	0	0	70	60	20	70	50		10	80	70	10	70	80	80	60	10	70	80	10	10	70	10	70	80	50	10	10	80	50	10	10		60
108	282	"d07297"	"carems"	"d07297i3"	"Reg"	"Envi"	"COD"	"QMV"	4	5	2019-12-07	"05-06-09"	0	100	100	100	100			0	100		100	0	0	100		100	0			100		100	0	100	0	100	0	0	100	100	50	80	20	50	50		0	60	80	0	70	60	60	70	0	80	60	0	0	70	0	90	60	30	30	50	60	20	40	70	0	100
108	283	"d07297"	"carems"	"d07297i4"	"Reg"	"Envi"	"COD"	"QMV"	4	5	2019-12-07	"05-06-09"	100	0		100	100			0	100		100	0	0	100		100	0			100		100	0			100	0	0	100	100	70	50	0	50	50		0	80	70	0	70	95	95	60	0	70	90	0	0	70	0	80	70	0	0	50	90	90	50	60		0
108	284	"d07297"	"carems"	"d07297i5"	"Reg"	"Envi"	"COD"	"QMV"	4	5	2019-12-07	"05-06-09"	30	30	0	100	100			0	100		100	100	0	100		100	100					100					0	100	0		50	50	40	50	30		0	70	40	0	50	70	90	40	0	50	90	0	0	0	0	40	0	0	0	0	70	40	50	0		30
109	285	"d06031"	"weapons"	"d06031i1"	"Dir"	"JHA"	"COD"	"QMV"	4	2	"02-03-06"	"08-07-08"	0	100	0	100			0	0	100	0	100	0	0	0	0	100	100	0	0	0	0	0	0	0		0	0	100	100	100	60	80	80	30	0		20	40	50	20	50	90	60	20	20	40	50	20	20	20	0	20	40	20	0	20	20	70	50	60	0	60
109	286	"d06031"	"weapons"	"d06031i2"	"Dir"	"JHA"	"COD"	"QMV"	4	2	"02-03-06"	"08-07-08"	0	100	0	50			0	0	50	0	0	0	50	0	0	50	0	0	0	0	0	0	0	0		0	0	100	0	50	80	90	80	30	0		20	40	30	20	60	90	50	20	20	30	50	20	20	10	10	20	20	10	0	10	90	70	50	50	0	80
110	287	"d04287"	"vis"	"d04287i1"	"Reg"	"JHA"	"COD"	"Unan"	3	5	2028-12-04	2013-08-08	70	0	100	80	80		80	80	80	80	80	100	100	80	80	80	80	80	80	80	80	80	80	80	80	80	80	100	80	80	80	100	100	80	80		80	80	80	80	80	100	100	80	80	80	80	80	80	80	80	80	80	80	80	80	80	100	80	80	0	100
110	288	"d04287"	"vis"	"d04287i2"	"Reg"	"JHA"	"COD"	"Unan"	3	5	2028-12-04	2013-08-08	0	0	100	50	50		50	50	50	50	50	100	100	50	50	50	50	50	50	50	50	50	50	50	50	50	50	50	50	50	50	100	100	50	50		50	50	50	50	50	100	100	50	50	50	50	50	50	50	50	50	50	50	50	50	50	50	50	50	0	0
110	289	"d04287"	"vis"	"d04287i3"	"Reg"	"JHA"	"COD"	"Unan"	3	5	2028-12-04	2013-08-08	0	0	70									70	100																		100	100	80	0	0		0	0	0	0	0	80	100	0	0	0	0	0	0	0	0	0	0	0	0	0	0	0	0	0	0	0
110	290	"d04287"	"vis"	"d04287i4"	"Reg"	"JHA"	"COD"	"Unan"	3	5	2028-12-04	2013-08-08	100	50	60	60	0		60	60	60	0	60	100	70	60	0	60	60	0	0	60	60	60	0	60	0	0	60	60	60	60	50	50	50	50	0		50	50	50	50	50	100	70	50	50	50	50	50	50	50	50	50	100	50	0	100	50	50	50	50		40
110	291	"d04287"	"vis"	"d04287i5"	"Reg"	"JHA"	"COD"	"Unan"	3	5	2028-12-04	2013-08-08	50	0	100	100	100		100	100	100	100	100	100	100	100	100	100	100	100	100	100	100	100	100	100	100	100	100	100	100	100	50	80	100	80	80		80	80	80	80	80	80	100	80	80	80	80	80	80	80	80	80	80	80	80	80	80	80	80	80		50
111	292	"d05246"	"custom"	"d05246i1"	"Reg"	"IM"	"COD"	"QMV"	4	6	1930-11-05	"04-06-08"	100	50	100	100	100		0	100	100	100	100	50	100	0	0	50	0	100	100	100	0	100	25	0	100	100	100	0	100	100	100	85	100	75	75		100	75	100	75	100	100	75	100	75	100	100	75	75	50	100	100	85	100	75	75	75	100	100	100	0	75
111	293	"d05246"	"custom"	"d05246i2"	"Reg"	"IM"	"COD"	"QMV"	4	6	1930-11-05	"04-06-08"	100	100	50	15	15		15	15	15	15	100	0	0	15	15	15	0	15	15	15	15	15	15	15	15	0	15	0	100	30	90	80	90	75	75		75	75	75	75	100	100	100	90	75		75	60	60	90		80	80	75	75	75	75	75	75	20	0	0
111	294	"d05246"	"custom"	"d05246i3"	"Reg"	"IM"	"COD"	"QMV"	4	6	1930-11-05	"04-06-08"	100	100	0	50					100		100	100	100	0			0			0		100	0					0	100	100	90	60	70		0		0	0		0	80	100	80		0	0		0	0		0	100	90	0	0	0	0		90	100	0	75
111	295	"d05246"	"custom"	"d05246i4"	"Reg"	"IM"	"COD"	"QMV"	4	6	1930-11-05	"04-06-08"	100	50	0	0	0		0	0	0	0	0	0	0	0	100	0	0	0	0	0	0	100	0	0	0	0	0	0	0	0	100	60	50	50	50		50	50	70	50	50	100	50	50	50	70	50	50	50	50	50	50	50	50	50	50	50	75	50	70	0	100
111	296	"d05246"	"custom"	"d05246i5"	"Reg"	"IM"	"COD"	"QMV"	4	6	1930-11-05	"04-06-08"	100	100	100	100	100		100	0	100	100	100	50	100	100	0	0	100	100	100	100	100	50	100	100	100	100	100	100	100	0	90	20	10	80	10		10	10	10	10	100	10	10	50	10	10	10	10	10	10	10	10	10	50	10	10	10	10	10	50	0	100
111	297	"d05246"	"custom"	"d05246i6"	"Reg"	"IM"	"COD"	"QMV"	4	6	1930-11-05	"04-06-08"	100	50	100	100	100		0	100	100	100	85	100	100	0	0	50	0	100	100	100	0	100	25	0	100	100	100	0	100	100	90	75	90	65	65		90	65	90	65	75	80	65	75	65	90	90	65	65	50	90	100	75	90	65	65	65	90	90	100	0	100
112	298	"n07138"	"wine"	"n07138i1"	"Reg"	"Agri"	"CNS"	"QMV"	1	3	"04-07-07"	"06-06-08"	0	70	10	10	10		10	0	0	0	10	100	10	70	10	0	70	10	10	10	70	0	10	70	10	0	10	20	0	0	100	80	40	20	60		90	60	20	10	20	70	80	90	70	20	100	80	80	40	30	90	80	100	60	70	70	100	90	100	100	20
112	299	"n07138"	"wine"	"n07138i2"	"Reg"	"Agri"	"CNS"	"QMV"	1	3	"04-07-07"	"06-06-08"	100	20	50	60	50		0	50	100	100	100	0	50	30	50	100	15	100	100	50	10	100	100	30	50	0	60	80	100	100	100	90	70	20	60		70	40	20	10	20	70	70	60	70	10	90	20	20	100	70	20	30	90	60	100	50	100	20	30	0	40
112	300	"n07138"	"wine"	"n07138i3"	"Reg"	"Agri"	"CNS"	"QMV"	1	3	"04-07-07"	"06-06-08"	100	80	0	0	50		100	0	0	0	50	30	0	100	0	0	100	10	10	10	100	0	0	70	50	0	0	60	10	0	80	60	100	80	80		80	80	80	80	10	50	100	80	50	50	100	50	50	50	90	50	100	70	80	70	80	50	30	50	0	10
113	301	"n07242"	"cotton"	"n07242i1"	"Reg"	"Agri"	"CNS"	"QMV"	1	1	"09-11-07"	"05-07-08"	0	80	30	10	100		10	60	60	0	0	50	0	100	10	10	40	0	0	10	10	0	20	80				100	0	0	50	100	80	10	100		10	80	60	0	0	30	100	100	20	10	10	0	0	10	10	80	10	80	0	0	0	100	100	100	0	50
114	302	"d04156"	"Galileo"	"d04156i1"	"Reg"	"Trans"	"COD"	"QMV"	4	3	2014-07-04	2024-07-08	75	45	40		75			60	40	75	40	100	0	40	60	50	60	75	75	40	60	40	75	40	75	60		0	40	100	100	80	70	0	20		0	50	25	20	50	100	90		20	25	90	20	20			50	25	25	20		0	75	60	15		45
114	303	"d04156"	"Galileo"	"d04156i2"	"Reg"	"Trans"	"COD"	"QMV"	4	3	2014-07-04	2024-07-08	44	44	0	0	0			0	0	0	0	89	100		0	0	89	0	0			0	0	0	0		0	56	0	56	50	50	70	70	65		0	70	70	0	70	40	40	0	70	70	40	0	0	0	0	70	70	70	65	0	70	45	70	40		67
114	304	"d04156"	"Galileo"	"d04156i3"	"Reg"	"Trans"	"COD"	"QMV"	4	3	2014-07-04	2024-07-08	0	40	40	40	40		40	40	40	40	40	40	40	40	40	40	40	40	40	40	40	40	40	40	40	40	40	100	40	40	50	25	25	25	25		25	25	25	25	25	50	50	25	25	25	90	25	25	25	25	25	25	25	25	25	25	100	25	50		60
115	305	"d06273"	"rail"	"d06273i1"	"Dir"	"Trans"	"COD"	"QMV"	4	1	2013-12-06	2018-07-08	50	100										0	0				0			0		40	0	40				0	40	40	70	100	0	0	0		0	0	0	0	0	80	100	0	0	0	20	0	0	50	0	70	70	40	0	0	0	20	70	50	0	35
116	306	"d06130"	"airtrans"	"d06130i1"	"Reg"	"Trans"	"COD"	"QMV"	4	4	2018-07-06	1931-10-08	17	100							83		17			83							83	17	83							83	100	100	0	0	0		0	0	50	0		0	0	50	0	0	0	0	0	0	50		70	0	0	0	0	0	0		0	83
116	307	"d06130"	"airtrans"	"d06130i2"	"Reg"	"Trans"	"COD"	"QMV"	4	4	2018-07-06	1931-10-08		100		50				0	50			0		100		0	80			100		100	0					100		100	0	80	0	50	0		0	60	50	0	0	100	0		0	100	40	0	0		0	100	60	0	0	0	0	75	0	75	0	50
116	308	"d06130"	"airtrans"	"d06130i3"	"Reg"	"Trans"	"COD"	"QMV"	4	4	2018-07-06	1931-10-08	100	100		100					0			0	0	0			20	100				30	50			0				0	75	20	0	20	0		0	0	80	0	0	80	100	80	0	0	75	20	0	0	0	80	40	0	0	20	0	0	0	80	0	0
116	309	"d06130"	"airtrans"	"d06130i4"	"Reg"	"Trans"	"COD"	"QMV"	4	4	2018-07-06	1931-10-08	100	80							70			0	25				25					50	80	50						100	80	50	0	0	0		0	0	50	0	0	100	75	0	0	0	75	0	0	0	0	50	90	50	0	0	0	0	0	75	0	50
117	310	"d06206"	"mercury"	"d06206i1"	"Reg"	"Envi"	"COD"	"QMV"	4	4	2026-10-06	2014-11-08	20	100	100	100				100	92		100											100							92		90	80	100	100	0		0	100	100	0	100	0	0	0	0	0	0	0	0	0	0	100	0	0	0	0	0	0	100	0	0	76
117	311	"d06206"	"mercury"	"d06206i2"	"Reg"	"Envi"	"COD"	"QMV"	4	4	2026-10-06	2014-11-08	23	100		100	23		23		100		85	85						23	23	85	92	92	23	85			23		100		30	100	0	70	40		70	0	70	0	70	70	0	0	0	0	0	40	40	70	70	70	40	70	0	0	40	0	100	0	0	77
117	312	"d06206"	"mercury"	"d06206i3"	"Reg"	"Envi"	"COD"	"QMV"	4	4	2026-10-06	2014-11-08	17	92		100					100				17	100									58	100					100		100	30	0	100	0		0	0	100	0	0	0	80	30	0	0	0	0	0	0	0	0	30	100	0	0	0	0	100	0	0	83
117	313	"d06206"	"mercury"	"d06206i4"	"Reg"	"Envi"	"COD"	"QMV"	4	4	2026-10-06	2014-11-08	100	0		75					75	100	85	100	100	75	100		100	100	100			75	100	75				100	75	100	75	75	0	75	0		0	0	75	75	75	75	75	75	75	0	75	75	75	0	0	75	75	75	0	0	0	75	75	75		50
118	314	"n07114"	"fishauth"	"n07114i1"	"Reg"	"Fish"	"CNS"	"QMV"	1	3	2018-06-07	2029-10-08	100			0					0	100		0	0	100		0	100		100			0	100	100				100	0	0	100	0	0	70	0		0	0	70		0	50	100	50	0	70	50	0	100	0	0	70	70	100	0	0	0	100	70	100	0	0
118	315	"n07114"	"fishauth"	"n07114i2"	"Reg"	"Fish"	"CNS"	"QMV"	1	3	2018-06-07	2029-10-08	80	80										0					0		50			0		0				0			80	20	0	0	0		0	0	0	0	0	80	0	0	0	0	60	0		0	0	80	0	80	0	0	0	80	0	0	0	50
118	316	"n07114"	"fishauth"	"n07114i3"	"Reg"	"Fish"	"CNS"	"QMV"	1	3	2018-06-07	2029-10-08	100	0							0			0	0			0	0							0				0		0	80	50	0	0	0		0	0	100	0	0	100	100	0	0	100	80	0	0	0	0	0	0	100	0	0	0	100	0	100	0	0
119	317	"n07223"	"illfish"	"n07223i1"	"Reg"	"Fish"	"CNS"	"QMV"	1	4	2017-10-07	2029-10-08	100	0		0					0		0	0	20	0		0	0		0			20	0	0				50	0	20	100	100	0	95	0		0	0	95	0	95	100	95	95	0	95	100	0	95	0	0	90	95	95	0	0	0	50	80	90		45
119	318	"n07223"	"illfish"	"n07223i2"	"Reg"	"Fish"	"CNS"	"QMV"	1	4	2017-10-07	2029-10-08	100	70		0					0	0	0	0	0	0			0	0	0			0	0	0	0			0	0	0	100	90	0	95	0		0	0	100	95	95	100	100	95	0	0	95	95	95	0	0	100	95	95	95	0	0	95	95	100	0	50
119	319	"n07223"	"illfish"	"n07223i3"	"Reg"	"Fish"	"CNS"	"QMV"	1	4	2017-10-07	2029-10-08	100	100	0	70				70	70	0	70	0		0		70	0	0	0		0	0	0	0	0			100	70	70	100	100	80	100	0		0	80	100	95	100	100	0	100	0	100	100	100	100	0	100	100	100	100	95	0	0	50	70	100	0	70
119	320	"n07223"	"illfish"	"n07223i4"	"Reg"	"Fish"	"CNS"	"QMV"	1	4	2017-10-07	2029-10-08	0	0		90					95	100	100	100		100		100	100	100	100		100	100	100	100	100	0		0	100	90	85	40	0	90	0		0	0	90	95	95	95	0	95	0	95	95	95	95	0	95	95	95	95	95	50	0	50	85	90		70
120	321	"n07224"	"botfish"	"n07224i1"	"Reg"	"Fish"	"CNS"	"QMV"	1	2	2017-10-07	1930-07-08	100	0								40		25	80						40			80	20	25				0	90	80	100		0	0	0		0	0	0	60	0	80	60	0	0	0	0	0	60	0	0	60	50	75	0	0	0	100	80	60	0	0
120	322	"n07224"	"botfish"	"n07224i2"	"Reg"	"Fish"	"CNS"	"QMV"	1	2	2017-10-07	1930-07-08	100	20								50		50					50		40				60	0				0			100		0	0	0		0	0	0	20	0	20	0	0	0	0	20	0		0	0	0	20	40	0	0	0	100	0	0	0	100
121	323	"n08093"	"Mauritania"	"n08093i1"	"Reg"	"Fish"	"CNS"	"Unan"	2	1	2013-05-08	1931-07-08	100											50	80	0		80		0	0			0	20	50				0		30	100	0	0	0	0		0	0	0	0	0	20	80	0	0	50	0	100	100	0	0	100	80	20	0	0	0	10	0	30	0	80
122	324	"d07249"	"markauthor"	"d07249i1"	"Reg"	"Trans"	"COD"	"QMV"	4	1	2013-11-07	2018-12-09	100	40	0	0	0		20	0	0	0	50	0	0	20	0	0	0	0	0	0	0	0	0	0	0	0	0	0	10	10	80	10					20					20		20															30	30	0	0
123	325	"d07291"	"infoagency"	"d07291i1"	"Reg"	"Trans"	"COD"	"QMV"	4	1	2020-12-07	1931-10-08	17	17		17	100		58	58	17	58	58	58	79	100	58	58	100	58	58		100	17	58	58	100	58	58	100	17	17	75	25	0	0	25		25	25	25	25	25	0	0	100	25	25	25	25	25	0	25	0	25	25	25	25	25	25	25	25	0	58
124	326	"d07028"	"marketing"	"d07028i1"	"Reg"	"IM"	"COD"	"QMV"	4	4	2014-02-07	2013-08-08	94	56	81										81			0	100			81				44						6	70	40	35	0	0		0	0	0	0	0	0	30	0	0	80	90	0	0	30	0	0	0	60	0	0	0	0	0	80	0	38
124	327	"d07028"	"marketing"	"d07028i2"	"Reg"	"IM"	"COD"	"QMV"	4	4	2014-02-07	2013-08-08	5	100	53								5													16							30	75	40	0	0		0	0	0	0	25	0	0	0	0	0	0	0	0	0	0	0	0	50	0	0	0	0	0	0	0	21
124	328	"d07028"	"marketing"	"d07028i3"	"Reg"	"IM"	"COD"	"QMV"	4	4	2014-02-07	2013-08-08	100	100	0	0	0		0	0	100	0	0	0	100	0	0	0	100	0	0	0	0	0	0	0	0	0	0	0	0	0	80	80	60	10	60		60	60	60	60	60	80	10	60	60	80	100	60	60	60	60	60	60	80	60	60	60	60	60	80	30	95
124	329	"d07028"	"marketing"	"d07028i4"	"Reg"	"IM"	"COD"	"QMV"	4	4	2014-02-07	2013-08-08	100	50	30	30	30		30	30	30	30	30	25	0	30	30	30	30	30	30	30	30	30	30	30	30	30	30	30	30	0	30	50	80	30	80		80	80	30	80	80	80	80	80	80	80	80	80	80	80	80	80	80	80	80	80	80	80	80	100	30	70
125	330	"d05211"	"marine"	"d05211i1"	"Dir"	"Envi"	"COD"	"QMV"	4	2	2024-10-05	2025-06-08	38	100		38					38			0	69	38			69					0	0	0				38	69	0	75	80	0	50	0		0	0	50	0	0		75	50	0	0	50	0	0	0	0	60		80	0	0	0	60	70	70		25
125	331	"d05211"	"marine"	"d05211i2"	"Dir"	"Envi"	"COD"	"QMV"	4	2	2024-10-05	2025-06-08	100	0		25					25			100	100			100	100					100		100		100		100	0	100	100	100	0	80	0		0	0	75	0	0	65	75	0	0	70	90	0	0	0	0	65	0	75	0	65	0	80	100	65		50
126	332	"d160280"	"Copyright"	"d160280i1"	"Dir"	"IM"	"COD"	"QMV"	3	2	"14-09-2016"	2017-04-19	20	80	0	100	0	100	100	0	0	0	0	100	40	100	0	0	100	0	0	0	100	0	100	100	100	0	0	100	0	0	50	100	20	20	20	0	0	50	80	50	80	100	100	0	20	80	20	0	0	50	0	80	20	0	0	20	20	80	50	50		50
126	333	"d160280"	"Copyright"	"d160280i2"	"Dir"	"IM"	"COD"	"QMV"	3	2	"14-09-2016"	2017-04-19	80	100	0	0	0	100	100	0	0	0	0	100	100	100	0	0	100	0	0	0	0	0	0	100	100	0	0	100	0	0	50	80	0	50	0	0	0	80	50	50	100	100	100	0	50	50	50	50	50	50	0	100	100	50	0	0	0	50	50	50		80
127	334	"d170228"	"Free"	"d170228i1"	"Reg"	"Transport"	"COD"	"QMV"	3	1	"13-09-2017"	2028-11-18	100	100	20	100	100	100	100	100	100	100	100	0	20	0	0	100	100	100	100	100	100	100	100	100	100	100	0	20	100	100	50	50	0	50	0	0	0	100	100	100	50	100	100	0	0	100	0	0	0	50	0	50	100	0	0	0	0	30	100	50		70
128	335	"d160288"	"Code"	"d160288i1"	"Dir"	"Transport"	"COD"	"QMV"	3	3	"14-09-2016"	2017-12-18	100	80	0	0	0	0	0	0	0	0	0	100	0	0	0	0	0	0	0	0	0	0	0	0	0	100	0	0	100	0	50	20	50	50	50	50	0	100	100	50	50	20	50	50	100	50	50	50	50	50	0	100	100	50	50	0	50	100	20	50	0	0
128	336	"d160288"	"Code"	"d160288i2"	"Dir"	"Transport"	"COD"	"QMV"	3	3	"14-09-2016"	2017-12-18	50	50	100	0	50	50	50	0	0	0	0	100	100	100	100	0	100	0	0	0	0	0	100	100	50	50	100	100	0	0	50	0	0	50	0	0	0	100	100	0	50	100	50	0	20	50	0	0	0	50	0	50	50	20	0	0	0	100	50	50	0	60
128	337	"d160288"	"Code"	"d160288i3"	"Dir"	"Transport"	"COD"	"QMV"	3	3	"14-09-2016"	2017-12-18	100	100	100	100	100	100	0	100	0	100	100	100	100	100	100	100	0	100	100	100	100	0	100	100	100	100	100	0	100	0	50	20	0	20	0	0	0	100	100	20	20	50	20	20	80	20	20	50	50	20	0	100	50	0	0	100	20	100	20	0	0	60
129	338	"d120193"	"PIF"	"d120193i1"	"Dir"	"JHA"	"COD"	"QMV"	3	1	"11-07-2012"	2028-07-17	100	100	0	100	0	0	0	0	0	100	0	100	0		0	0	100			100	0	0	0	0	0	100	0	100	0	0	50	100			0		50			50	50	100	100	0	50	50	100			0	50	50	50	0	0			50	50	0	0	70
130	339	"d170226"	"Non-cash"	"d170226i1"	"Dir"	"JHA"	"COD"	"QMV"	3	1	"13-09-2017"	"10-05-19"	100	100	30	100	30	100	100	0		100	0	100	0	100	30		100	100	100	100	30	30	100	100	100	100	30	100	0		50	50	0	50	0	0	0	50		0	80	50	100	0	0		50	0	0	0	0	0	50	0	0	50	0	50	0		0	0
131	340	"d170245"	"Schengen"	"d170245i1"	"Reg"	"JHA"	"COD"	"QMV"	3	1	"27-09-2017"	999	50		100	100		0	0	0	100	50	50	100	100	0	0		0	0	0	50	0	100	0	0	0	0	0	0	100		50		100	20		20	20	20	100	0	0	100	100	100	100		100	20	20	20	20	100	50	0	20	100	20	50	100			
132	341	"d160231"	"Effort-sharing"	"d160231i1"	"Reg"	"Envi"	"COD"	"QMV"	3	4	"20-07-2016"	2019-06-18	70	70	100	100	0	0	0	0	100	70	100	0	0	0	0	100	0	0	0	100	100	100	0	0	70	0	0	0	100	0	0	50	80	80	50	0	0	50	100	0	80	0	50	0	0	50	30	50	50	80	50	50	50	0	0	0	0	30	80	0		70
132	342	"d160231"	"Effort-sharing"	"d160231i2"	"Reg"	"Envi"	"COD"	"QMV"	3	4	"20-07-2016"	2019-06-18	70	70	0	0	100	100		70	100	70	100	70	70		0	100	100	100	100			0	100	100	70	100	0	100	100	0	50	50	100	50	20	0		20	80	50	50	20	20		0	100	50	100	80			50	50	0	0	50	0	50	50	20		70
132	343	"d160231"	"Effort-sharing"	"d160231i3"	"Reg"	"Envi"	"COD"	"QMV"	3	4	"20-07-2016"	2019-06-18	0	80	0	0	80	100	80	100	0	0	0	0	0	80	80	0	100	0	80	0	80	0	100	80	80	80	80	100	0	0	50	50	30	30	30	30	0	30	30	0	0	30	30		50	0	100	0	80	0	50	30	100	0	20	20	0	80	20	30		85
132	344	"d160231"	"Effort-sharing"	"d160231i4"	"Reg"	"Envi"	"COD"	"QMV"	3	4	"20-07-2016"	2019-06-18	50	100	50	0	0	0		0	50	0	50	50	50	50	0	50	0	0	0	50		50	0	0	0	50	50	0	50	50	50	100	50	20	50	50		80	50	0	20	20	50	0	80	20	80	80	80	0		50	80	0	0	50	0	80	20	0		70
133	345	"d130443"	"NEC"	"d130443i1"	"Dir"	"Envi"	"COD"	"QMV"	3	1	"18-12-2013"	2017-12-16	90	100	30	90	0	70	30	30	30	70	70	70	70	0	70	70	30	30	90	70	90	0	70	0	30	30	70	90	70	30	100	100	50	80	100	0	50	50	20	50	100	100	20	100	50	100	20	20	80	20	100	100	20	20	20	50	80	80	20	0		70
134	346	"d120266"	"Medical"	"d120266i1"	"Reg"	"Employ"	"COD"	"QMV"	3	2	"26-09-2012"	"05-05-17"	70	100	100	70	70		70	70	100	70	70	100	0	100	70	100	100	70	70	100	70	70	100	100	70	100	70	100	70	100	50	80	50	50	0		0	20	50	0	0	50	100	80	0	0	0	0	0	0	0	50	50	50	0	50	0	50	50	0		70
134	347	"d120266"	"Medical"	"d120266i2"	"Reg"	"Employ"	"COD"	"QMV"	3	2	"26-09-2012"	"05-05-17"	70	100	50	50	70		50	50	50	50	50	70	0	50	70	50	70	50	50	50	70	50	50	70	70	70	50	70	50	50	60	80	0	50	0		0	20	50	20	50	100	100	80	20	0	80	0	0	50	0	50	20	50	0	50	20	50	50	50		50
135	348	"d140100"	"Organic"	"d140100i1"	"Reg"	"Agri"	"COD"	"QMV"	3	2	"24-03-2014"	2014-06-18	100	0	0	100	100	0	0	100	0	100	0	0	0	100	0	0	100	0	0	0	0	0	0	100	0	100	0	0	0	0	50	80	80	100	20	0	0	100	20	0	20	30	100	50	20	50	80	80	20	20	0	50	20	20	0	50	0	50	80	20	0	0
135	349	"d140100"	"Organic"	"d140100i2"	"Reg"	"Agri"	"COD"	"QMV"	3	2	"24-03-2014"	2014-06-18	100	100	100	100	100	100	100	100	0	0	0	100	100	100	100	100	100	0	0	100	100	100	100	100	100	100	100	100	0	100	80	80	50	50	0	0	0	20	100	50	100	80	100	50	0	0	50	50	100	0	0	20	0	0	0	0	0	50	100	0	0	90
136	350	"d160070"	"Posting"	"d160070i1"	"Dir"	"Employ"	"COD"	"QMV"	3	4	"08-03-2016"	"09-07-18"	60	80	100	100	60	60	80	0	60	60	60	100	100	60	0	60	60	60	60	100	80	100	0	60	60	60	60	60	100	60	50	50	50	80	40	40	20	100	50	40	40	100	40	20	100	40	50	40	40	50	40	80	100	40	40	40	50	50	50	50	0	80
136	351	"d160070"	"Posting"	"d160070i2"	"Dir"	"Employ"	"COD"	"QMV"	3	4	"08-03-2016"	"09-07-18"	100	100	100	100	0	0	0	0	100	0	0	100	0	0	0	0	100	0	0	100	0	100	0	0	0	0	0	0	100	0	80	100	20	20	80	20	20	100	20	20	20	20	20	0	80	20	20	80	80	20	0	20	80	80	80	20	80	100	20	20	0	0
136	352	"d160070"	"Posting"	"d160070i3"	"Dir"	"Employ"	"COD"	"QMV"	3	4	"08-03-2016"	"09-07-18"	100	100	100	100	0	0	0	0	100	0	100	100	100	100	0	0	100	0	0	100	0	100	0	100	0	100	0	100	100	0	100	100	100	100	60	20	20	100	20	100	20	100	60	20	100	20	20	100	80	60	20	60	100	20	60	40	40	20	40	20	0	90
136	353	"d160070"	"Posting"	"d160070i4"	"Dir"	"Employ"	"COD"	"QMV"	3	4	"08-03-2016"	"09-07-18"	80	60	100	100	0	0	0	0	100	0	0	100	100	0	0	0	100	0	0	100	0	100	0	0	0	0	0	0	100	100	50	80	80	80	80	20	20	80	20	80	20	100	40	80	100	80	20	80	80	20	40	50	100	100	80	80	80	100	20	20	0	30
137	354	"d160397"	"Social"	"d160397i1"	"Dir"	"Employ"	"COD"	"QMV"	3	3	"13-12-2016"	999	100		100	100	0	0	0	0	100	0	0	100	100	0	0	100	0	0	0	100	0	100	0	0	0	0	0	0	100	100	50		100	50	50	0	0	80	0	50	0	20	100	50	100	0	80	50	50	20	0	50	100	80	100	0	80	80	0	0	0	
137	355	"d160397"	"Social"	"d160397i2"	"Dir"	"Employ"	"COD"	"QMV"	3	3	"13-12-2016"	999	50		0	0	100	100	0	100	0	100	100	100	0	100	100	100	100	100	100	0	0	0	100	100	100	100	100	100	100	100	50		80	50	0	0	0	80	0	50	0	80	100	50	50	0	80	50	50	100	0	80	50	0	50	0	50	80	0	0	0	
137	356	"d160397"	"Social"	"d160397i3"	"Dir"	"Employ"	"COD"	"QMV"	3	3	"13-12-2016"	999	0		100	0	0	0	0	0	100	0	0	0	100	0	0	100	0	0	0	0	0	100	0	0	0	0	0	0	0	0	50		50	0	0	0	0	0	100	0	0	50	100	0	0	50	50	0	0	0	0	50	50	0	0	0	0	50	0	0	0	
138	357	"d160152"	"Geoblocking"	"d160152i1"	"Reg"	"IM"	"COD"	"QMV"	3	3	"25-05-2016"	"02-03-18"	0	0	100	100	0	0	0	100	0	100	0	0	0	100	0	0	0	100	100	100	0	100	100	0	100	100	100	0	0	100	50	50	80	20	20	0	0	0	0	0	0	100	100	20	0	0	20	0	0	100	0	20	0	0	20	0	0	50	20	0	0	10
138	358	"d160152"	"Geoblocking"	"d160152i2"	"Reg"	"IM"	"COD"	"QMV"	3	3	"25-05-2016"	"02-03-18"	0	100	0	100	50	0	50	50	0	50	50	0	0	50	0	50	0	100	100	100	50	100	0	0	0	0	20	0	0	100	50	100	100	0	50	50	50	50	80	50	50	100	0	50	100	50	50	0	0	0	50	0	100	50	50	80	50	80	100	0	0	20
138	359	"d160152"	"Geoblocking"	"d160152i3"	"Reg"	"IM"	"COD"	"QMV"	3	3	"25-05-2016"	"02-03-18"	100	100	0	100	50	100	100	100	100	100	100	0	0	100	100	100	0	100	0	100	100	100	100	0	100	0	100	0	100	100	50	100	100	0	0	0	0	0	50	0	0	80	50	0	0	0	0	0	0	0	0	20	0	0	0	0	80	80	20	20	0	90
139	360	"d150307"	"Border"	"d150307i1"	"Reg"	"JHA"	"COD"	"QMV"	3	1	"15-12-2015"	2018-03-17	100	30		100	80	0			0	0	0	100	100				100	0	0			100	30	80		0		100	0		0	50		50	0	100			0	0	100	100	50				0	0	0			50	50	0		100		0	0			65
140	361	"d160023"	"Mercury"	"d160023i1"	"Reg"	"Envi"	"COD"	"QMV"	3	2	"02-02-2016"	2024-05-17	50	100	0	40	40		40	0	40	40	80	40	40	0	0	0	40	40	0	40	40	40	40	0	0	0	40	0	80	40	60	50	50	0	0		0	50	50	0	50	60	50	50	100	100	0	0	100	0	0	50	50	50	0	50	100	100	50	50	0	50
140	362	"d160023"	"Mercury"	"d160023i2"	"Reg"	"Envi"	"COD"	"QMV"	3	2	"02-02-2016"	2024-05-17	30	100	40	70	0		40	40	70	40	40	0	40	40	0	40	40	40	40	40	40	40	40	40	40	40	50	0	70	0	80	100	50	50	100		0	50	50	0	50	100	50	50	100	50	50	0	0	0	0	50	50	0	0	0	50	100	50	100	0	70
141	363	"d180104"	"ID"	"d180104i1"	"Reg"	"JHA"	"COD"	"QMV"	3	2	2017-04-18	"12-07-19"	100	0	100	100	100	100	100	0	100	100	100	100	100	100	100	100	100	100	100	100	100	0	0	100	100	100	0	100	100	100	50	100	0	50	0	0	0	100	0	100	50	100	100	0	0	0	50	0	50	0	0	50	100	50	0	0	100	0	0	0	0	100
141	364	"d180104"	"ID"	"d180104i2"	"Reg"	"JHA"	"COD"	"QMV"	3	2	2017-04-18	"12-07-19"	70	70	70	70	70	70	70	0	100	0	100	0	100	0	70	70	0	0	0	70	70	70	0	0	0	70	70	0	100	70	50	20	0	20	0	0	0	50	20	50	100	50	20	50	20	0	50	0	20	20	0	20	50	50	50	0	0	50	20	0		50
